{"type": "FeatureCollection", "features": [{"type": "Feature", "geometry": {"type": "Point", "coordinates": [87.2456223, 21.86752819]}, "properties": {"name": "GUAGARIA", "district": "BALASORE", "block": "GUAGARIA", "village": "JALESWAR", "shelter": "MFS(CMRF)", "location": "GUAGARIA", "description": ""}}, {"type": "Feature", "geometry": {"type": "Point", "coordinates": [87.30527907, 21.77914619]}, "properties": {"name": "JALAKOPARIA", "district": "BALASORE", "block": "JALAKOPARIA", "village": "JALESWAR", "shelter": "MFS(CMRF)", "location": "JALAKOPARIA", "description": ""}}, {"type": "Feature", "geometry": {"type": "Point", "coordinates": [87.41380117, 21.73741437]}, "properties": {"name": "MAHAGABA", "district": "BALASORE", "block": "MAHAGABA", "village": "BHOGARAI", "shelter": "MFS(CMRF)", "location": "MAHAGABA", "description": ""}}, {"type": "Feature", "geometry": {"type": "Point", "coordinates": [87.13722136, 21.73439291]}, "properties": {"name": "JUNBALDA", "district": "BALASORE", "block": "JUNBALDA", "village": "BASTA", "shelter": "MFS(CMRF)", "location": "JUNBALDA", "description": ""}}, {"type": "Feature", "geometry": {"type": "Point", "coordinates": [87.36726394, 21.71865877]}, "properties": {"name": "PUTINA", "district": "BALASORE", "block": "PUTINA", "village": "BHOGARAI", "shelter": "MFS(St.Plan)", "location": "PUTINA", "description": ""}}, {"type": "Feature", "geometry": {"type": "Point", "coordinates": [87.21601519, 21.719568]}, "properties": {"name": "CHORMARA", "district": "BALASORE", "block": "CHORMARA", "village": "JALESWAR", "shelter": "MFS(CMRF)", "location": "CHORMARA", "description": ""}}, {"type": "Feature", "geometry": {"type": "Point", "coordinates": [87.32780394, 21.71747521]}, "properties": {"name": "NACHINDA", "district": "BALASORE", "block": "NACHINDA", "village": "BHOGARAI", "shelter": "MFS(St.Plan)", "location": "NACHINDA", "description": ""}}, {"type": "Feature", "geometry": {"type": "Point", "coordinates": [87.1683751, 21.7093932]}, "properties": {"name": "PUNSKULI", "district": "BALASORE", "block": "PUNSKULI", "village": "BASTA", "shelter": "MFS(St.Plan)", "location": "PUNSKULI", "description": ""}}, {"type": "Feature", "geometry": {"type": "Point", "coordinates": [87.22085076, 21.70412431]}, "properties": {"name": "BALIAPAL", "district": "BALASORE", "block": "BALIAPAL", "village": "JALESWAR", "shelter": "MFS(CMRF)", "location": "BALIAPAL", "description": ""}}, {"type": "Feature", "geometry": {"type": "Point", "coordinates": [87.29926578, 21.68214153]}, "properties": {"name": "BARHAPAL", "district": "BALASORE", "block": "BARHAPAL", "village": "BALIAPALA", "shelter": "MFS(St.Plan)", "location": "BARHAPAL", "description": ""}}, {"type": "Feature", "geometry": {"type": "Point", "coordinates": [87.40066634, 21.67639693]}, "properties": {"name": "JALESWARPUR", "district": "BALASORE", "block": "JALESWARPUR", "village": "BHOGARAI", "shelter": "NCRMP-AF", "location": "JALESWARPUR", "description": ""}}, {"type": "Feature", "geometry": {"type": "Point", "coordinates": [87.34307559, 21.68350092]}, "properties": {"name": "NILPURA", "district": "BALASORE", "block": "NILPURA", "village": "BHOGARAI", "shelter": "MFS(St.Plan)", "location": "NILPURA", "description": ""}}, {"type": "Feature", "geometry": {"type": "Point", "coordinates": [87.31772461, 21.66795485]}, "properties": {"name": "MANUNAGA", "district": "BALASORE", "block": "MANUNAGA", "village": "BHOGARAI", "shelter": "MFS(CMRF)", "location": "MANUNAGA", "description": ""}}, {"type": "Feature", "geometry": {"type": "Point", "coordinates": [87.3280253, 21.66436348]}, "properties": {"name": "RASALPUR", "district": "BALASORE", "block": "RASALPUR", "village": "BALIAPALA", "shelter": "MFS(CMRF)", "location": "RASALPUR", "description": ""}}, {"type": "Feature", "geometry": {"type": "Point", "coordinates": [87.36813848, 21.65332444]}, "properties": {"name": "KASIMPUR", "district": "BALASORE", "block": "KASIMPUR", "village": "BHOGARAI", "shelter": "NCRMP", "location": "KASIMPUR", "description": ""}}, {"type": "Feature", "geometry": {"type": "Point", "coordinates": [87.40888016, 21.64963205]}, "properties": {"name": "SIALIA", "district": "BALASORE", "block": "SIALIA", "village": "BHOGARAI", "shelter": "IRCS", "location": "SIALIA", "description": ""}}, {"type": "Feature", "geometry": {"type": "Point", "coordinates": [87.38894198, 21.65070767]}, "properties": {"name": "DWARPATNA", "district": "BALASORE", "block": "DWARPATNA", "village": "BHOGARAI", "shelter": "IRCS", "location": "DWARPATNA", "description": ""}}, {"type": "Feature", "geometry": {"type": "Point", "coordinates": [87.3960012, 21.63443828]}, "properties": {"name": "PASARBINDHA", "district": "BALASORE", "block": "PASARBINDHA", "village": "BHOGARAI", "shelter": "IRCS", "location": "PASARBINDHA", "description": ""}}, {"type": "Feature", "geometry": {"type": "Point", "coordinates": [87.37895678, 21.64028517]}, "properties": {"name": "TENGRAMARI", "district": "BALASORE", "block": "TENGRAMARI", "village": "BHOGARAI", "shelter": "NCRMP-AF", "location": "TENGRAMARI", "description": ""}}, {"type": "Feature", "geometry": {"type": "Point", "coordinates": [87.25023249, 21.63504053]}, "properties": {"name": "DEULA", "district": "BALASORE", "block": "DEULA", "village": "BALIAPALA", "shelter": "NCRMP", "location": "DEULA", "description": ""}}, {"type": "Feature", "geometry": {"type": "Point", "coordinates": [87.30436557, 21.63534751]}, "properties": {"name": "JAMKUNDA", "district": "BALASORE", "block": "JAMKUNDA", "village": "BALIAPALA", "shelter": "IRCS", "location": "JAMKUNDA", "description": ""}}, {"type": "Feature", "geometry": {"type": "Point", "coordinates": [87.33399889, 21.63162135]}, "properties": {"name": "JAMKUNDA", "district": "BALASORE", "block": "JAMKUNDA", "village": "BALIAPALA", "shelter": "NCRMP", "location": "JAMKUNDA", "description": ""}}, {"type": "Feature", "geometry": {"type": "Point", "coordinates": [87.39280108, 21.64136252]}, "properties": {"name": "JAIRAMPUR", "district": "BALASORE", "block": "JAIRAMPUR", "village": "BHOGARAI", "shelter": "NCRMP", "location": "JAIRAMPUR", "description": ""}}, {"type": "Feature", "geometry": {"type": "Point", "coordinates": [87.45953615, 21.63056123]}, "properties": {"name": "BARA SARISA", "district": "BALASORE", "block": "BARA SARISA", "village": "BHOGARAI", "shelter": "NCRMP", "location": "BARA SARISA", "description": ""}}, {"type": "Feature", "geometry": {"type": "Point", "coordinates": [86.87960096, 21.6225437]}, "properties": {"name": "SANKARPUR", "district": "BALASORE", "block": "SANKARPUR", "village": "REMUNA", "shelter": "MFS(St.Plan)", "location": "SANKARPUR", "description": ""}}, {"type": "Feature", "geometry": {"type": "Point", "coordinates": [87.47986488, 21.62468693]}, "properties": {"name": "SAHABHAJAPUR", "district": "BALASORE", "block": "SAHABHAJAPUR", "village": "BHOGARAI", "shelter": "MCS", "location": "SAHABHAJAPUR", "description": ""}}, {"type": "Feature", "geometry": {"type": "Point", "coordinates": [87.35415454, 21.62470562]}, "properties": {"name": "KUMBHIRGADI", "district": "BALASORE", "block": "KUMBHIRGADI", "village": "BHOGARAI", "shelter": "NCRMP", "location": "KUMBHIRGADI", "description": ""}}, {"type": "Feature", "geometry": {"type": "Point", "coordinates": [87.15035966, 21.62096018]}, "properties": {"name": "KALNAGARI", "district": "BALASORE", "block": "KALNAGARI", "village": "BASTA", "shelter": "NCRMP", "location": "KALNAGARI", "description": ""}}, {"type": "Feature", "geometry": {"type": "Point", "coordinates": [87.48099593, 21.61575012]}, "properties": {"name": "UDAIPUR", "district": "BALASORE", "block": "UDAIPUR", "village": "BHOGARAI", "shelter": "MCS", "location": "UDAIPUR", "description": ""}}, {"type": "Feature", "geometry": {"type": "Point", "coordinates": [87.29830991, 21.60941991]}, "properties": {"name": "POKAMURI", "district": "BALASORE", "block": "POKAMURI", "village": "BALIAPALA", "shelter": "NCRMP", "location": "POKAMURI", "description": ""}}, {"type": "Feature", "geometry": {"type": "Point", "coordinates": [87.44278574, 21.60869099]}, "properties": {"name": "KRISHNANAGARI", "district": "BALASORE", "block": "KRISHNANAGARI", "village": "BHOGARAI", "shelter": "MCS", "location": "KRISHNANAGARI", "description": ""}}, {"type": "Feature", "geometry": {"type": "Point", "coordinates": [87.39111114, 21.60494643]}, "properties": {"name": "RANAKOTHA", "district": "BALASORE", "block": "RANAKOTHA", "village": "BHOGARAI", "shelter": "IRCS", "location": "RANAKOTHA", "description": ""}}, {"type": "Feature", "geometry": {"type": "Point", "coordinates": [87.43644668, 21.6073076]}, "properties": {"name": "KANYANAGARI", "district": "BALASORE", "block": "KANYANAGARI", "village": "BHOGARAI", "shelter": "MFS(St.Plan)", "location": "KANYANAGARI", "description": ""}}, {"type": "Feature", "geometry": {"type": "Point", "coordinates": [87.14925316, 21.60475673]}, "properties": {"name": "SHANKHUD", "district": "BALASORE", "block": "SHANKHUD", "village": "BALIAPALA", "shelter": "NCRMP-AF", "location": "SHANKHUD", "description": ""}}, {"type": "Feature", "geometry": {"type": "Point", "coordinates": [87.41660983, 21.60618534]}, "properties": {"name": "BICHITRAPUR", "district": "BALASORE", "block": "BICHITRAPUR", "village": "BHOGARAI", "shelter": "MCS", "location": "BICHITRAPUR", "description": ""}}, {"type": "Feature", "geometry": {"type": "Point", "coordinates": [87.28790295, 21.60453136]}, "properties": {"name": "NABHARA", "district": "BALASORE", "block": "NABHARA", "village": "BALIAPALA", "shelter": "MCS", "location": "NABHARA", "description": ""}}, {"type": "Feature", "geometry": {"type": "Point", "coordinates": [87.19156109, 21.60333377]}, "properties": {"name": "MAHABELA", "district": "BALASORE", "block": "MAHABELA", "village": "BALIAPALA", "shelter": "NCRMP", "location": "MAHABELA", "description": ""}}, {"type": "Feature", "geometry": {"type": "Point", "coordinates": [87.40998903, 21.60386265]}, "properties": {"name": "KANTHIBHAUNIRI", "district": "BALASORE", "block": "KANTHIBHAUNIRI", "village": "BHOGARAI", "shelter": "NCRMP-AF", "location": "KANTHIBHAUNIRI", "description": ""}}, {"type": "Feature", "geometry": {"type": "Point", "coordinates": [87.26914596, 21.59944208]}, "properties": {"name": "PRATABPUR", "district": "BALASORE", "block": "PRATABPUR", "village": "BALIAPALA", "shelter": "MCS", "location": "PRATABPUR", "description": ""}}, {"type": "Feature", "geometry": {"type": "Point", "coordinates": [87.16265229, 21.59530601]}, "properties": {"name": "BULANG", "district": "BALASORE", "block": "BULANG", "village": "BALIAPALA", "shelter": "NCRMP-AF", "location": "BULANG", "description": ""}}, {"type": "Feature", "geometry": {"type": "Point", "coordinates": [87.12727976, 21.59542649]}, "properties": {"name": "KUNDOLI", "district": "BALASORE", "block": "KUNDOLI", "village": "BALIAPALA", "shelter": "NCRMP", "location": "KUNDOLI", "description": ""}}, {"type": "Feature", "geometry": {"type": "Point", "coordinates": [87.08958363, 21.59117528]}, "properties": {"name": "BINJHA", "district": "BALASORE", "block": "BINJHA", "village": "BALASORE", "shelter": "NCRMP", "location": "BINJHA", "description": ""}}, {"type": "Feature", "geometry": {"type": "Point", "coordinates": [87.26562515, 21.59188765]}, "properties": {"name": "SURADIHA", "district": "BALASORE", "block": "SURADIHA", "village": "BALIAPALA", "shelter": "NCRMP", "location": "SURADIHA", "description": ""}}, {"type": "Feature", "geometry": {"type": "Point", "coordinates": [87.1387381, 21.5844515]}, "properties": {"name": "MAHAPADA", "district": "BALASORE", "block": "MAHAPADA", "village": "BALIAPALA", "shelter": "MFS(St.Plan)", "location": "MAHAPADA", "description": ""}}, {"type": "Feature", "geometry": {"type": "Point", "coordinates": [86.77498648, 21.58360328]}, "properties": {"name": "PUNDAL", "district": "BALASORE", "block": "PUNDAL", "village": "NILAGIRI", "shelter": "MFS(St.Plan)", "location": "PUNDAL", "description": ""}}, {"type": "Feature", "geometry": {"type": "Point", "coordinates": [87.23793132, 21.58714489]}, "properties": {"name": "BAGDA", "district": "BALASORE", "block": "BAGDA", "village": "BALIAPALA", "shelter": "IRCS", "location": "BAGDA", "description": ""}}, {"type": "Feature", "geometry": {"type": "Point", "coordinates": [87.23674425, 21.58417836]}, "properties": {"name": "ANDEULA", "district": "BALASORE", "block": "ANDEULA", "village": "BALIAPALA", "shelter": "IRCS", "location": "ANDEULA", "description": ""}}, {"type": "Feature", "geometry": {"type": "Point", "coordinates": [87.26730018, 21.58518902]}, "properties": {"name": "KASHIPUR", "district": "BALASORE", "block": "KASHIPUR", "village": "BALIAPALA", "shelter": "NCRMP", "location": "KASHIPUR", "description": ""}}, {"type": "Feature", "geometry": {"type": "Point", "coordinates": [87.28185694, 21.57641625]}, "properties": {"name": "DAGARA", "district": "BALASORE", "block": "DAGARA", "village": "BALIAPALA", "shelter": "NCRMP", "location": "DAGARA", "description": ""}}, {"type": "Feature", "geometry": {"type": "Point", "coordinates": [87.12529701, 21.58300136]}, "properties": {"name": "BISHIKADEIPUR", "district": "BALASORE", "block": "BISHIKADEIPUR", "village": "BALASORE", "shelter": "NCRMP", "location": "BISHIKADEIPUR", "description": ""}}, {"type": "Feature", "geometry": {"type": "Point", "coordinates": [87.35645998, 21.58051063]}, "properties": {"name": "KIRTANIA", "district": "BALASORE", "block": "KIRTANIA", "village": "BHOGARAI", "shelter": "NCRMP", "location": "KIRTANIA", "description": ""}}, {"type": "Feature", "geometry": {"type": "Point", "coordinates": [87.15459483, 21.58233918]}, "properties": {"name": "GOBINDAPUR", "district": "BALASORE", "block": "GOBINDAPUR", "village": "BALIAPALA", "shelter": "NCRMP", "location": "GOBINDAPUR", "description": ""}}, {"type": "Feature", "geometry": {"type": "Point", "coordinates": [87.15109903, 21.58188869]}, "properties": {"name": "SAUDIHI", "district": "BALASORE", "block": "SAUDIHI", "village": "BALIAPALA", "shelter": "NCRMP", "location": "SAUDIHI", "description": ""}}, {"type": "Feature", "geometry": {"type": "Point", "coordinates": [87.2636517, 21.58320794]}, "properties": {"name": "ALADIHA", "district": "BALASORE", "block": "ALADIHA", "village": "BALIAPALA", "shelter": "NCRMP", "location": "ALADIHA", "description": ""}}, {"type": "Feature", "geometry": {"type": "Point", "coordinates": [86.85092521, 21.58211417]}, "properties": {"name": "GURUDA", "district": "BALASORE", "block": "GURUDA", "village": "REMUNA", "shelter": "MFS(St.Plan)", "location": "GURUDA", "description": ""}}, {"type": "Feature", "geometry": {"type": "Point", "coordinates": [87.20413959, 21.57563549]}, "properties": {"name": "BHANUPUR", "district": "BALASORE", "block": "BHANUPUR", "village": "BALIAPALA", "shelter": "NCRMP", "location": "BHANUPUR", "description": ""}}, {"type": "Feature", "geometry": {"type": "Point", "coordinates": [87.05780505, 21.57809645]}, "properties": {"name": "KORLISAHI", "district": "BALASORE", "block": "KORLISAHI", "village": "BALASORE", "shelter": "NCRMP", "location": "KORLISAHI", "description": ""}}, {"type": "Feature", "geometry": {"type": "Point", "coordinates": [87.27710275, 21.56348395]}, "properties": {"name": "NARAYANPUR", "district": "BALASORE", "block": "NARAYANPUR", "village": "BALIAPALA", "shelter": "NCRMP-AF", "location": "NARAYANPUR", "description": ""}}, {"type": "Feature", "geometry": {"type": "Point", "coordinates": [87.25323874, 21.57914261]}, "properties": {"name": "BALIBILI", "district": "BALASORE", "block": "BALIBILI", "village": "BALIAPALA", "shelter": "IRCS", "location": "BALIBILI", "description": ""}}, {"type": "Feature", "geometry": {"type": "Point", "coordinates": [87.19861856, 21.56739612]}, "properties": {"name": "PACHUPALI", "district": "BALASORE", "block": "PACHUPALI", "village": "BALIAPALA", "shelter": "NCRMP-AF", "location": "PACHUPALI", "description": ""}}, {"type": "Feature", "geometry": {"type": "Point", "coordinates": [87.21676522, 21.56778055]}, "properties": {"name": "KATARAMAHAL", "district": "BALASORE", "block": "KATARAMAHAL", "village": "BALIAPALA", "shelter": "IRCS", "location": "KATARAMAHAL", "description": ""}}, {"type": "Feature", "geometry": {"type": "Point", "coordinates": [87.2725501, 21.57164128]}, "properties": {"name": "NARAYANPUR PANTHAL", "district": "BALASORE", "block": "NARAYANPUR PANTHAL", "village": "BALIAPALA", "shelter": "MCS", "location": "NARAYANPUR PANTHAL", "description": ""}}, {"type": "Feature", "geometry": {"type": "Point", "coordinates": [87.31245972, 21.56600787]}, "properties": {"name": "CHAUMUKH", "district": "BALASORE", "block": "CHAUMUKH", "village": "BALIAPALA", "shelter": "MCS", "location": "CHAUMUKH", "description": ""}}, {"type": "Feature", "geometry": {"type": "Point", "coordinates": [87.35206785, 21.5607809]}, "properties": {"name": "KAKRAPALI", "district": "BALASORE", "block": "KAKRAPALI", "village": "BALIAPALA", "shelter": "NCRMP", "location": "KAKRAPALI", "description": ""}}, {"type": "Feature", "geometry": {"type": "Point", "coordinates": [86.98127288, 21.56047797]}, "properties": {"name": "KAURIPUR", "district": "BALASORE", "block": "KAURIPUR", "village": "BALASORE", "shelter": "MFS(St.Plan)", "location": "KAURIPUR", "description": ""}}, {"type": "Feature", "geometry": {"type": "Point", "coordinates": [87.07519705, 21.56174091]}, "properties": {"name": "PANCHPARA", "district": "BALASORE", "block": "PANCHPARA", "village": "BALASORE", "shelter": "NCRMP", "location": "PANCHPARA", "description": ""}}, {"type": "Feature", "geometry": {"type": "Point", "coordinates": [87.18377264, 21.55410857]}, "properties": {"name": "KALSHIMULI", "district": "BALASORE", "block": "KALSHIMULI", "village": "BALIAPALA", "shelter": "MCS", "location": "KALSHIMULI", "description": ""}}, {"type": "Feature", "geometry": {"type": "Point", "coordinates": [87.15702445, 21.55359993]}, "properties": {"name": "CHHALLA", "district": "BALASORE", "block": "CHHALLA", "village": "BALIAPALA", "shelter": "MFS(CMRF)", "location": "CHHALLA", "description": ""}}, {"type": "Feature", "geometry": {"type": "Point", "coordinates": [87.02845303, 21.55387979]}, "properties": {"name": "MAHAPADA", "district": "BALASORE", "block": "MAHAPADA", "village": "BALASORE", "shelter": "NCRMP-AF", "location": "MAHAPADA", "description": ""}}, {"type": "Feature", "geometry": {"type": "Point", "coordinates": [87.22031403, 21.54904571]}, "properties": {"name": "JAMUNASHUL", "district": "BALASORE", "block": "JAMUNASHUL", "village": "BALIAPALA", "shelter": "NCRMP", "location": "JAMUNASHUL", "description": ""}}, {"type": "Feature", "geometry": {"type": "Point", "coordinates": [87.12743959, 21.56696636]}, "properties": {"name": "ALUMARA", "district": "BALASORE", "block": "ALUMARA", "village": "BALASORE", "shelter": "NCRMP", "location": "ALUMARA", "description": ""}}, {"type": "Feature", "geometry": {"type": "Point", "coordinates": [87.18469638, 21.54731817]}, "properties": {"name": "JAMBHIRAL", "district": "BALASORE", "block": "JAMBHIRAL", "village": "BALIAPALA", "shelter": "MCS", "location": "JAMBHIRAL", "description": ""}}, {"type": "Feature", "geometry": {"type": "Point", "coordinates": [87.04554995, 21.54414976]}, "properties": {"name": "SANGOBRA", "district": "BALASORE", "block": "SANGOBRA", "village": "BALASORE", "shelter": "MFS(St.Plan)", "location": "SANGOBRA", "description": ""}}, {"type": "Feature", "geometry": {"type": "Point", "coordinates": [87.14690946, 21.53326741]}, "properties": {"name": "KASAPHAL", "district": "BALASORE", "block": "KASAPHAL", "village": "BALASORE", "shelter": "MCS", "location": "KASAPHAL", "description": ""}}, {"type": "Feature", "geometry": {"type": "Point", "coordinates": [87.10432712, 21.57425349]}, "properties": {"name": "SARTHA", "district": "BALASORE", "block": "SARTHA", "village": "BALASORE", "shelter": "NCRMP", "location": "SARTHA", "description": ""}}, {"type": "Feature", "geometry": {"type": "Point", "coordinates": [87.11846037, 21.52232044]}, "properties": {"name": "SARTHA CHOK", "district": "BALASORE", "block": "SARTHA CHOK", "village": "BALASORE", "shelter": "NCRMP", "location": "SARTHA CHOK", "description": ""}}, {"type": "Feature", "geometry": {"type": "Point", "coordinates": [86.89164565, 21.51491306]}, "properties": {"name": "GANESHWARPUR", "district": "BALASORE", "block": "GANESHWARPUR", "village": "REMUNA", "shelter": "NCRMP", "location": "GANESHWARPUR", "description": ""}}, {"type": "Feature", "geometry": {"type": "Point", "coordinates": [87.02323969, 21.51287777]}, "properties": {"name": "GOPINATHPUR", "district": "BALASORE", "block": "GOPINATHPUR", "village": "BALASORE", "shelter": "NCRMP", "location": "GOPINATHPUR", "description": ""}}, {"type": "Feature", "geometry": {"type": "Point", "coordinates": [86.94952169, 21.50747022]}, "properties": {"name": "SINDHIA", "district": "BALASORE", "block": "SINDHIA", "village": "BALASORE", "shelter": "NCRMP-AF", "location": "SINDHIA", "description": ""}}, {"type": "Feature", "geometry": {"type": "Point", "coordinates": [87.10960125, 21.51319342]}, "properties": {"name": "BAHABALPUR", "district": "BALASORE", "block": "BAHABALPUR", "village": "BALASORE", "shelter": "NCRMP", "location": "BAHABALPUR", "description": ""}}, {"type": "Feature", "geometry": {"type": "Point", "coordinates": [86.9658761, 21.50498467]}, "properties": {"name": "BALACHA", "district": "BALASORE", "block": "BALACHA", "village": "BALASORE", "shelter": "NCRMP-AF", "location": "BALACHA", "description": ""}}, {"type": "Feature", "geometry": {"type": "Point", "coordinates": [86.97461888, 21.49698647]}, "properties": {"name": "POKHARABAD", "district": "BALASORE", "block": "POKHARABAD", "village": "BALASORE", "shelter": "NCRMP-AF", "location": "POKHARABAD", "description": ""}}, {"type": "Feature", "geometry": {"type": "Point", "coordinates": [87.05580116, 21.49260239]}, "properties": {"name": "PARAKHI", "district": "BALASORE", "block": "PARAKHI", "village": "BALASORE", "shelter": "NCRMP", "location": "PARAKHI", "description": ""}}, {"type": "Feature", "geometry": {"type": "Point", "coordinates": [87.0073713, 21.47675174]}, "properties": {"name": "KAYAKADALA", "district": "BALASORE", "block": "KAYAKADALA", "village": "BALASORE", "shelter": "NCRMP", "location": "KAYAKADALA", "description": ""}}, {"type": "Feature", "geometry": {"type": "Point", "coordinates": [87.06794754, 21.48540562]}, "properties": {"name": "TALABOROI", "district": "BALASORE", "block": "TALABOROI", "village": "BALASORE", "shelter": "MCS", "location": "TALABOROI", "description": ""}}, {"type": "Feature", "geometry": {"type": "Point", "coordinates": [87.00621752, 21.46173075]}, "properties": {"name": "SHRIKANA", "district": "BALASORE", "block": "SHRIKANA", "village": "BALASORE", "shelter": "NCRMP-AF", "location": "SHRIKANA", "description": ""}}, {"type": "Feature", "geometry": {"type": "Point", "coordinates": [87.05274114, 21.46689876]}, "properties": {"name": "SRIKANA", "district": "BALASORE", "block": "SRIKANA", "village": "BALASORE", "shelter": "NCRMP", "location": "SRIKANA", "description": ""}}, {"type": "Feature", "geometry": {"type": "Point", "coordinates": [86.95110238, 21.45254394]}, "properties": {"name": "RANASAHI", "district": "BALASORE", "block": "RANASAHI", "village": "BALASORE", "shelter": "MCS", "location": "RANASAHI", "description": ""}}, {"type": "Feature", "geometry": {"type": "Point", "coordinates": [86.99200879, 21.44273322]}, "properties": {"name": "HIDIGAN", "district": "BALASORE", "block": "HIDIGAN", "village": "BALASORE", "shelter": "NCRMP", "location": "HIDIGAN", "description": ""}}, {"type": "Feature", "geometry": {"type": "Point", "coordinates": [86.89334367, 21.4452476]}, "properties": {"name": "POKHARA SASAN", "district": "BALASORE", "block": "POKHARA SASAN", "village": "BALASORE", "shelter": "NCRMP-AF", "location": "POKHARA SASAN", "description": ""}}, {"type": "Feature", "geometry": {"type": "Point", "coordinates": [86.98256856, 21.41658438]}, "properties": {"name": "GUDU", "district": "BALASORE", "block": "GUDU", "village": "BALASORE", "shelter": "NCRMP", "location": "GUDU", "description": ""}}, {"type": "Feature", "geometry": {"type": "Point", "coordinates": [86.92982838, 21.41333443]}, "properties": {"name": "BARKIA", "district": "BALASORE", "block": "BARKIA", "village": "BALASORE", "shelter": "NCRMP", "location": "BARKIA", "description": ""}}, {"type": "Feature", "geometry": {"type": "Point", "coordinates": [86.86863297, 21.40540326]}, "properties": {"name": "MANDAGAN", "district": "BALASORE", "block": "MANDAGAN", "village": "REMUNA", "shelter": "NCRMP", "location": "MANDAGAN", "description": ""}}, {"type": "Feature", "geometry": {"type": "Point", "coordinates": [86.74373297, 21.39944865]}, "properties": {"name": "SHYAMSUNDARPUR", "district": "BALASORE", "block": "SHYAMSUNDARPUR", "village": "OUPADA", "shelter": "MFS(St.Plan)", "location": "SHYAMSUNDARPUR", "description": ""}}, {"type": "Feature", "geometry": {"type": "Point", "coordinates": [86.93421715, 21.38947933]}, "properties": {"name": "BARDHANPUR", "district": "BALASORE", "block": "BARDHANPUR", "village": "BALASORE", "shelter": "MCS", "location": "BARDHANPUR", "description": ""}}, {"type": "Feature", "geometry": {"type": "Point", "coordinates": [86.87267235, 21.38041268]}, "properties": {"name": "REHANG", "district": "BALASORE", "block": "REHANG", "village": "REMUNA", "shelter": "NCRMP-AF", "location": "REHANG", "description": ""}}, {"type": "Feature", "geometry": {"type": "Point", "coordinates": [86.94106713, 21.39536027]}, "properties": {"name": "JAYDEB KHASBE", "district": "BALASORE", "block": "JAYDEB KHASBE", "village": "BALASORE", "shelter": "NCRMP", "location": "JAYDEB KHASBE", "description": ""}}, {"type": "Feature", "geometry": {"type": "Point", "coordinates": [86.84947913, 21.36790161]}, "properties": {"name": "BOLTA", "district": "BALASORE", "block": "BOLTA", "village": "REMUNA", "shelter": "MCS", "location": "BOLTA", "description": ""}}, {"type": "Feature", "geometry": {"type": "Point", "coordinates": [86.83045833, 21.36626787]}, "properties": {"name": "MAHARAJPUR", "district": "BALASORE", "block": "MAHARAJPUR", "village": "REMUNA", "shelter": "NCRMP", "location": "MAHARAJPUR", "description": ""}}, {"type": "Feature", "geometry": {"type": "Point", "coordinates": [86.89435437, 21.3586093]}, "properties": {"name": "TANRA", "district": "BALASORE", "block": "TANRA", "village": "REMUNA", "shelter": "MCS", "location": "TANRA", "description": ""}}, {"type": "Feature", "geometry": {"type": "Point", "coordinates": [86.92800192, 21.35480552]}, "properties": {"name": "BHIMPUR", "district": "BALASORE", "block": "BHIMPUR", "village": "REMUNA", "shelter": "CCI", "location": "BHIMPUR", "description": ""}}, {"type": "Feature", "geometry": {"type": "Point", "coordinates": [86.91539423, 21.35198967]}, "properties": {"name": "SHOLAPARI", "district": "BALASORE", "block": "SHOLAPARI", "village": "REMUNA", "shelter": "NCRMP-AF", "location": "SHOLAPARI", "description": ""}}, {"type": "Feature", "geometry": {"type": "Point", "coordinates": [86.86899811, 21.34444219]}, "properties": {"name": "SHRIJANG", "district": "BALASORE", "block": "SHRIJANG", "village": "REMUNA", "shelter": "NCRMP-AF", "location": "SHRIJANG", "description": ""}}, {"type": "Feature", "geometry": {"type": "Point", "coordinates": [86.92329971, 21.34823825]}, "properties": {"name": "KHATU", "district": "BALASORE", "block": "KHATU", "village": "REMUNA", "shelter": "NCRMP", "location": "KHATU", "description": ""}}, {"type": "Feature", "geometry": {"type": "Point", "coordinates": [86.91951995, 21.3441647]}, "properties": {"name": "KANTANDAPAHI", "district": "BALASORE", "block": "KANTANDAPAHI", "village": "REMUNA", "shelter": "NCRMP", "location": "KANTANDAPAHI", "description": ""}}, {"type": "Feature", "geometry": {"type": "Point", "coordinates": [86.83986254, 21.33568769]}, "properties": {"name": "URSAL", "district": "BALASORE", "block": "URSAL", "village": "BAHANAGA", "shelter": "NCRMP", "location": "URSAL", "description": ""}}, {"type": "Feature", "geometry": {"type": "Point", "coordinates": [86.86422248, 21.3378317]}, "properties": {"name": "MAHAMADABAD", "district": "BALASORE", "block": "MAHAMADABAD", "village": "REMUNA", "shelter": "NCRMP", "location": "MAHAMADABAD", "description": ""}}, {"type": "Feature", "geometry": {"type": "Point", "coordinates": [86.82639852, 21.33345777]}, "properties": {"name": "PAIKASTA", "district": "BALASORE", "block": "PAIKASTA", "village": "BAHANAGA", "shelter": "NCRMP", "location": "PAIKASTA", "description": ""}}, {"type": "Feature", "geometry": {"type": "Point", "coordinates": [86.9038383, 21.32597634]}, "properties": {"name": "INCHURI", "district": "BALASORE", "block": "INCHURI", "village": "REMUNA", "shelter": "MCS", "location": "INCHURI", "description": ""}}, {"type": "Feature", "geometry": {"type": "Point", "coordinates": [86.85537316, 21.31423335]}, "properties": {"name": "NUAPUR", "district": "BALASORE", "block": "NUAPUR", "village": "BAHANAGA", "shelter": "NCRMP", "location": "NUAPUR", "description": ""}}, {"type": "Feature", "geometry": {"type": "Point", "coordinates": [86.77785689, 21.32469033]}, "properties": {"name": "GANJINA", "district": "BALASORE", "block": "GANJINA", "village": "BAHANAGA", "shelter": "NCRMP", "location": "GANJINA", "description": ""}}, {"type": "Feature", "geometry": {"type": "Point", "coordinates": [86.87136432, 21.30590535]}, "properties": {"name": "TALPADA", "district": "BALASORE", "block": "TALPADA", "village": "REMUNA", "shelter": "MCS", "location": "TALPADA", "description": ""}}, {"type": "Feature", "geometry": {"type": "Point", "coordinates": [86.86903667, 21.30129171]}, "properties": {"name": "BHILA", "district": "BALASORE", "block": "BHILA", "village": "BAHANAGA", "shelter": "NCRMP", "location": "BHILA", "description": ""}}, {"type": "Feature", "geometry": {"type": "Point", "coordinates": [86.81861297, 21.30201691]}, "properties": {"name": "APITRA", "district": "BALASORE", "block": "APITRA", "village": "BAHANAGA", "shelter": "NCRMP-AF", "location": "APITRA", "description": ""}}, {"type": "Feature", "geometry": {"type": "Point", "coordinates": [86.8598295, 21.29262557]}, "properties": {"name": "ATISHPUR", "district": "BALASORE", "block": "ATISHPUR", "village": "BAHANAGA", "shelter": "IRCS", "location": "ATISHPUR", "description": ""}}, {"type": "Feature", "geometry": {"type": "Point", "coordinates": [86.7755543, 21.29465484]}, "properties": {"name": "BIJANA", "district": "BALASORE", "block": "BIJANA", "village": "BAHANAGA", "shelter": "NCRMP", "location": "BIJANA", "description": ""}}, {"type": "Feature", "geometry": {"type": "Point", "coordinates": [86.80335385, 21.28281257]}, "properties": {"name": "RAHANIAGANJ", "district": "BALASORE", "block": "RAHANIAGANJ", "village": "BAHANAGA", "shelter": "NCRMP-AF", "location": "RAHANIAGANJ", "description": ""}}, {"type": "Feature", "geometry": {"type": "Point", "coordinates": [86.79304635, 21.27164413]}, "properties": {"name": "SAHASPUR", "district": "BALASORE", "block": "SAHASPUR", "village": "BAHANAGA", "shelter": "NCRMP", "location": "SAHASPUR", "description": ""}}, {"type": "Feature", "geometry": {"type": "Point", "coordinates": [86.84815781, 21.28245146]}, "properties": {"name": "KHERANG", "district": "BALASORE", "block": "KHERANG", "village": "BAHANAGA", "shelter": "MCS", "location": "KHERANG", "description": ""}}, {"type": "Feature", "geometry": {"type": "Point", "coordinates": [86.84628719, 21.27530902]}, "properties": {"name": "BARIPADA", "district": "BALASORE", "block": "BARIPADA", "village": "BAHANAGA", "shelter": "NCRMP", "location": "BARIPADA", "description": ""}}, {"type": "Feature", "geometry": {"type": "Point", "coordinates": [86.79656041, 21.27365047]}, "properties": {"name": "SAHASPUR", "district": "BALASORE", "block": "SAHASPUR", "village": "BAHANAGA", "shelter": "CCI", "location": "SAHASPUR", "description": ""}}, {"type": "Feature", "geometry": {"type": "Point", "coordinates": [86.7519815, 21.26457916]}, "properties": {"name": "KOCHIAKOILI", "district": "BALASORE", "block": "KOCHIAKOILI", "village": "BAHANAGA", "shelter": "NCRMP", "location": "KOCHIAKOILI", "description": ""}}, {"type": "Feature", "geometry": {"type": "Point", "coordinates": [86.8198461, 21.26569291]}, "properties": {"name": "BANIA BISHNUPUR", "district": "BALASORE", "block": "BANIA BISHNUPUR", "village": "BAHANAGA", "shelter": "NCRMP", "location": "BANIA BISHNUPUR", "description": ""}}, {"type": "Feature", "geometry": {"type": "Point", "coordinates": [86.79218211, 21.26434034]}, "properties": {"name": "ANJI", "district": "BALASORE", "block": "ANJI", "village": "BAHANAGA", "shelter": "MCS(CMRF)", "location": "ANJI", "description": ""}}, {"type": "Feature", "geometry": {"type": "Point", "coordinates": [86.82203579, 21.24919545]}, "properties": {"name": "ABHANA", "district": "BALASORE", "block": "ABHANA", "village": "BAHANAGA", "shelter": "NCRMP-AF", "location": "ABHANA", "description": ""}}, {"type": "Feature", "geometry": {"type": "Point", "coordinates": [86.80449245, 21.24527701]}, "properties": {"name": "KHARASAHAPUR", "district": "BALASORE", "block": "KHARASAHAPUR", "village": "BAHANAGA", "shelter": "IRCS", "location": "KHARASAHAPUR", "description": ""}}, {"type": "Feature", "geometry": {"type": "Point", "coordinates": [86.79427967, 21.25555902]}, "properties": {"name": "RAMADHA", "district": "BALASORE", "block": "RAMADHA", "village": "BAHANAGA", "shelter": "IRCS", "location": "RAMADHA", "description": ""}}, {"type": "Feature", "geometry": {"type": "Point", "coordinates": [86.76780606, 21.25565106]}, "properties": {"name": "KORADA", "district": "BALASORE", "block": "KORADA", "village": "BAHANAGA", "shelter": "NCRMP", "location": "KORADA", "description": ""}}, {"type": "Feature", "geometry": {"type": "Point", "coordinates": [86.82107741, 21.24350735]}, "properties": {"name": "ATHILABAJ", "district": "BALASORE", "block": "ATHILABAJ", "village": "BAHANAGA", "shelter": "MFS(St.Plan)", "location": "ATHILABAJ", "description": ""}}, {"type": "Feature", "geometry": {"type": "Point", "coordinates": [86.84404081, 21.24204832]}, "properties": {"name": "BARAJDEOLI", "district": "BALASORE", "block": "BARAJDEOLI", "village": "BAHANAGA", "shelter": "MCS", "location": "BARAJDEOLI", "description": ""}}, {"type": "Feature", "geometry": {"type": "Point", "coordinates": [86.74551419, 21.24790885]}, "properties": {"name": "BELAPUR", "district": "BALASORE", "block": "BELAPUR", "village": "SORO", "shelter": "NCRMP-AF", "location": "BELAPUR", "description": ""}}, {"type": "Feature", "geometry": {"type": "Point", "coordinates": [86.84095224, 21.23028203]}, "properties": {"name": "RAMTALI", "district": "BALASORE", "block": "RAMTALI", "village": "BAHANAGA", "shelter": "NCRMP", "location": "RAMTALI", "description": ""}}, {"type": "Feature", "geometry": {"type": "Point", "coordinates": [86.73020326, 21.22865637]}, "properties": {"name": "PAKHAR", "district": "BALASORE", "block": "PAKHAR", "village": "SORO", "shelter": "CCI", "location": "PAKHAR", "description": ""}}, {"type": "Feature", "geometry": {"type": "Point", "coordinates": [86.76967638, 21.22288534]}, "properties": {"name": "CHANDANPUR", "district": "BALASORE", "block": "CHANDANPUR", "village": "SORO", "shelter": "IRCS", "location": "CHANDANPUR", "description": ""}}, {"type": "Feature", "geometry": {"type": "Point", "coordinates": [86.73682312, 21.21245936]}, "properties": {"name": "TENTEI", "district": "BALASORE", "block": "TENTEI", "village": "SORO", "shelter": "CCI", "location": "TENTEI", "description": ""}}, {"type": "Feature", "geometry": {"type": "Point", "coordinates": [86.67386926, 21.21757338]}, "properties": {"name": "ANKULA", "district": "BALASORE", "block": "ANKULA", "village": "SORO", "shelter": "MFS(St.Plan)", "location": "ANKULA", "description": ""}}, {"type": "Feature", "geometry": {"type": "Point", "coordinates": [86.71317475, 21.20007318]}, "properties": {"name": "BAISIBATI", "district": "BALASORE", "block": "BAISIBATI", "village": "SORO", "shelter": "MFS(St.Plan)", "location": "BAISIBATI", "description": ""}}, {"type": "Feature", "geometry": {"type": "Point", "coordinates": [86.75814899, 21.18014851]}, "properties": {"name": "GUDA", "district": "BALASORE", "block": "GUDA", "village": "SORO", "shelter": "MCS", "location": "GUDA", "description": ""}}, {"type": "Feature", "geometry": {"type": "Point", "coordinates": [86.08969913, 20.97142015]}, "properties": {"name": "TRIJANGA", "district": "JAJPUR", "block": "TRIJANGA", "village": "DANAGADI", "shelter": "MFS(CMRF)", "location": "TRIJANGA", "description": ""}}, {"type": "Feature", "geometry": {"type": "Point", "coordinates": [86.14678897, 20.94140062]}, "properties": {"name": "MANIPUR", "district": "JAJPUR", "block": "MANIPUR", "village": "KOREI", "shelter": "NCRMP", "location": "MANIPUR", "description": ""}}, {"type": "Feature", "geometry": {"type": "Point", "coordinates": [86.14567204, 20.89667341]}, "properties": {"name": "LAKSHMINAGAR", "district": "JAJPUR", "block": "LAKSHMINAGAR", "village": "RASULPUR", "shelter": "MFS(CMRF)", "location": "LAKSHMINAGAR", "description": ""}}, {"type": "Feature", "geometry": {"type": "Point", "coordinates": [86.29193742, 20.88411915]}, "properties": {"name": "BALESHWAR", "district": "JAJPUR", "block": "BALESHWAR", "village": "JAJPUR", "shelter": "MFS(CMRF)", "location": "BALESHWAR", "description": ""}}, {"type": "Feature", "geometry": {"type": "Point", "coordinates": [86.29120291, 20.86557801]}, "properties": {"name": "PURUSHOTTAMPUR", "district": "JAJPUR", "block": "PURUSHOTTAMPUR", "village": "JAJPUR", "shelter": "MFS(CMRF)", "location": "PURUSHOTTAMPUR", "description": ""}}, {"type": "Feature", "geometry": {"type": "Point", "coordinates": [86.23861281, 20.83333942]}, "properties": {"name": "JAHAL", "district": "JAJPUR", "block": "JAHAL", "village": "JAJPUR", "shelter": "MCS(CMRF)", "location": "JAHAL", "description": ""}}, {"type": "Feature", "geometry": {"type": "Point", "coordinates": [86.30002898, 20.8131955]}, "properties": {"name": "GOBINDAPUR", "district": "JAJPUR", "block": "GOBINDAPUR", "village": "JAJPUR", "shelter": "MFS(CMRF)", "location": "GOBINDAPUR", "description": ""}}, {"type": "Feature", "geometry": {"type": "Point", "coordinates": [86.64029818, 20.76239645]}, "properties": {"name": "GUNTHAL", "district": "KENDRAPARA", "block": "GUNTHAL", "village": "RAJKANIKA", "shelter": "MFS(St.Plan)", "location": "GUNTHAL", "description": ""}}, {"type": "Feature", "geometry": {"type": "Point", "coordinates": [86.30734948, 20.77971205]}, "properties": {"name": "DEBI", "district": "JAJPUR", "block": "DEBI", "village": "JAJPUR", "shelter": "MFS(CMRF)", "location": "DEBI", "description": ""}}, {"type": "Feature", "geometry": {"type": "Point", "coordinates": [86.56210367, 20.76741573]}, "properties": {"name": "SANA HALPADA", "district": "JAJPUR", "block": "SANA HALPADA", "village": "DASARATHAPUR", "shelter": "MFS(CMRF)", "location": "SANA HALPADA", "description": ""}}, {"type": "Feature", "geometry": {"type": "Point", "coordinates": [86.86832042, 20.77067928]}, "properties": {"name": "KRISHNAGARH", "district": "KENDRAPARA", "block": "KRISHNAGARH", "village": "RAJNAGAR", "shelter": "IRCS", "location": "KRISHNAGARH", "description": ""}}, {"type": "Feature", "geometry": {"type": "Point", "coordinates": [86.32764266, 20.76111324]}, "properties": {"name": "RAIPUR", "district": "JAJPUR", "block": "RAIPUR", "village": "BARI", "shelter": "MFS(CMRF)", "location": "RAIPUR", "description": ""}}, {"type": "Feature", "geometry": {"type": "Point", "coordinates": [86.90524297, 20.7575339]}, "properties": {"name": "KANAKANAGAR", "district": "KENDRAPARA", "block": "KANAKANAGAR", "village": "RAJNAGAR", "shelter": "IRCS", "location": "KANAKANAGAR", "description": ""}}, {"type": "Feature", "geometry": {"type": "Point", "coordinates": [86.84787986, 20.7579798]}, "properties": {"name": "KHAMARSAHI", "district": "KENDRAPARA", "block": "KHAMARSAHI", "village": "RAJNAGAR", "shelter": "MCS", "location": "KHAMARSAHI", "description": ""}}, {"type": "Feature", "geometry": {"type": "Point", "coordinates": [86.94370087, 20.75939563]}, "properties": {"name": "TALCHUA", "district": "KENDRAPARA", "block": "TALCHUA", "village": "RAJNAGAR", "shelter": "MCS", "location": "TALCHUA", "description": ""}}, {"type": "Feature", "geometry": {"type": "Point", "coordinates": [86.85707579, 20.7527843]}, "properties": {"name": "DANGMAL", "district": "KENDRAPARA", "block": "DANGMAL", "village": "RAJNAGAR", "shelter": "NCRMP-AF", "location": "DANGMAL", "description": ""}}, {"type": "Feature", "geometry": {"type": "Point", "coordinates": [86.97734968, 20.74800932]}, "properties": {"name": "KHASMUNDA", "district": "KENDRAPARA", "block": "KHASMUNDA", "village": "RAJNAGAR", "shelter": "MCS", "location": "KHASMUNDA", "description": ""}}, {"type": "Feature", "geometry": {"type": "Point", "coordinates": [86.86801892, 20.74084975]}, "properties": {"name": "DHANGMAL", "district": "KENDRAPARA", "block": "DHANGMAL", "village": "RAJNAGAR", "shelter": "MCS", "location": "DHANGMAL", "description": ""}}, {"type": "Feature", "geometry": {"type": "Point", "coordinates": [86.96397328, 20.74536006]}, "properties": {"name": "MANJULAPALLI", "district": "KENDRAPARA", "block": "MANJULAPALLI", "village": "RAJNAGAR", "shelter": "ICZMP", "location": "MANJULAPALLI", "description": ""}}, {"type": "Feature", "geometry": {"type": "Point", "coordinates": [86.93225829, 20.75034543]}, "properties": {"name": "BHEKTA", "district": "KENDRAPARA", "block": "BHEKTA", "village": "RAJNAGAR", "shelter": "MCS", "location": "BHEKTA", "description": ""}}, {"type": "Feature", "geometry": {"type": "Point", "coordinates": [86.5069649, 20.74275065]}, "properties": {"name": "PHALARPUR", "district": "JAJPUR", "block": "PHALARPUR", "village": "BINJHARPUR", "shelter": "MFS(CMRF)", "location": "PHALARPUR", "description": ""}}, {"type": "Feature", "geometry": {"type": "Point", "coordinates": [86.97113791, 20.73383084]}, "properties": {"name": "DALASAHI", "district": "KENDRAPARA", "block": "DALASAHI", "village": "RAJNAGAR", "shelter": "MCS", "location": "DALASAHI", "description": ""}}, {"type": "Feature", "geometry": {"type": "Point", "coordinates": [86.94223048, 20.73035666]}, "properties": {"name": "SURENDRAPUR", "district": "KENDRAPARA", "block": "SURENDRAPUR", "village": "RAJNAGAR", "shelter": "MCS", "location": "SURENDRAPUR", "description": ""}}, {"type": "Feature", "geometry": {"type": "Point", "coordinates": [86.82678636, 20.73287066]}, "properties": {"name": "REJENDARNARAYANPUR", "district": "KENDRAPARA", "block": "REJENDARNARAYANPUR", "village": "RAJNAGAR", "shelter": "MCS", "location": "REJENDARNARAYANPUR", "description": ""}}, {"type": "Feature", "geometry": {"type": "Point", "coordinates": [86.80007231, 20.73137167]}, "properties": {"name": "BAJARPUR", "district": "KENDRAPARA", "block": "BAJARPUR", "village": "RAJKANIKA", "shelter": "MFS(St.Plan)", "location": "BAJARPUR", "description": ""}}, {"type": "Feature", "geometry": {"type": "Point", "coordinates": [86.962751, 20.72725283]}, "properties": {"name": "KERUAPAL", "district": "KENDRAPARA", "block": "KERUAPAL", "village": "RAJNAGAR", "shelter": "MCS", "location": "KERUAPAL", "description": ""}}, {"type": "Feature", "geometry": {"type": "Point", "coordinates": [86.94139601, 20.7229096]}, "properties": {"name": "CHABARAKOLA", "district": "KENDRAPARA", "block": "CHABARAKOLA", "village": "RAJNAGAR", "shelter": "IRCS", "location": "CHABARAKOLA", "description": ""}}, {"type": "Feature", "geometry": {"type": "Point", "coordinates": [86.37679417, 20.71914637]}, "properties": {"name": "UDAYNATHPUR", "district": "JAJPUR", "block": "UDAYNATHPUR", "village": "BARI", "shelter": "MFS(CMRF)", "location": "UDAYNATHPUR", "description": ""}}, {"type": "Feature", "geometry": {"type": "Point", "coordinates": [86.35956498, 20.7177541]}, "properties": {"name": "UDAYANTHPUR", "district": "JAJPUR", "block": "UDAYANTHPUR", "village": "BARI", "shelter": "MFS(CMRF)", "location": "UDAYANTHPUR", "description": ""}}, {"type": "Feature", "geometry": {"type": "Point", "coordinates": [86.54471305, 20.70338917]}, "properties": {"name": "BANGARA", "district": "JAJPUR", "block": "BANGARA", "village": "BINJHARPUR", "shelter": "MFS(CMRF)", "location": "BANGARA", "description": ""}}, {"type": "Feature", "geometry": {"type": "Point", "coordinates": [86.90526531, 20.71426689]}, "properties": {"name": "PATAPARA", "district": "KENDRAPARA", "block": "PATAPARA", "village": "RAJNAGAR", "shelter": "MCS", "location": "PATAPARA", "description": ""}}, {"type": "Feature", "geometry": {"type": "Point", "coordinates": [86.58682116, 20.70644354]}, "properties": {"name": "PADANIPAL", "district": "KENDRAPARA", "block": "PADANIPAL", "village": "RAJKANIKA", "shelter": "MFS(St.Plan)", "location": "PADANIPAL", "description": ""}}, {"type": "Feature", "geometry": {"type": "Point", "coordinates": [86.5188815, 20.70367674]}, "properties": {"name": "JORI", "district": "JAJPUR", "block": "JORI", "village": "BINJHARPUR", "shelter": "MFS(CMRF)", "location": "JORI", "description": ""}}, {"type": "Feature", "geometry": {"type": "Point", "coordinates": [86.4230134, 20.69663504]}, "properties": {"name": "RANPUR", "district": "JAJPUR", "block": "RANPUR", "village": "BINJHARPUR", "shelter": "MFS(CMRF)", "location": "RANPUR", "description": ""}}, {"type": "Feature", "geometry": {"type": "Point", "coordinates": [86.16284096, 20.69696917]}, "properties": {"name": "KANTIGARIA", "district": "JAJPUR", "block": "KANTIGARIA", "village": "DHARMASALA", "shelter": "MFS(CMRF)", "location": "KANTIGARIA", "description": ""}}, {"type": "Feature", "geometry": {"type": "Point", "coordinates": [86.12502768, 20.68897447]}, "properties": {"name": "DHANMANDAL", "district": "JAJPUR", "block": "DHANMANDAL", "village": "BADACHANA", "shelter": "NCRMP", "location": "DHANMANDAL", "description": ""}}, {"type": "Feature", "geometry": {"type": "Point", "coordinates": [86.78281144, 20.68753494]}, "properties": {"name": "KOLIPUR", "district": "KENDRAPARA", "block": "KOLIPUR", "village": "RAJKANIKA", "shelter": "NCRMP-AF", "location": "KOLIPUR", "description": ""}}, {"type": "Feature", "geometry": {"type": "Point", "coordinates": [86.84206095, 20.67142863]}, "properties": {"name": "BAOBHADRAPUR", "district": "KENDRAPARA", "block": "BAOBHADRAPUR", "village": "RAJNAGAR", "shelter": "IRCS", "location": "BAOBHADRAPUR", "description": ""}}, {"type": "Feature", "geometry": {"type": "Point", "coordinates": [86.44537246, 20.68192024]}, "properties": {"name": "MADHUSUDANPUR", "district": "JAJPUR", "block": "MADHUSUDANPUR", "village": "BARI", "shelter": "MFS(CMRF)", "location": "MADHUSUDANPUR", "description": ""}}, {"type": "Feature", "geometry": {"type": "Point", "coordinates": [86.79963623, 20.67628825]}, "properties": {"name": "PADMALABHPUR", "district": "KENDRAPARA", "block": "PADMALABHPUR", "village": "RAJNAGAR", "shelter": "NCRMP-AF", "location": "PADMALABHPUR", "description": ""}}, {"type": "Feature", "geometry": {"type": "Point", "coordinates": [86.25111175, 20.66788231]}, "properties": {"name": "ACHHUTABASANTA", "district": "JAJPUR", "block": "ACHHUTABASANTA", "village": "BADACHANA", "shelter": "MCS(CMRF)", "location": "ACHHUTABASANTA", "description": ""}}, {"type": "Feature", "geometry": {"type": "Point", "coordinates": [86.84589755, 20.66263276]}, "properties": {"name": "JONESNAGAR", "district": "KENDRAPARA", "block": "JONESNAGAR", "village": "RAJNAGAR", "shelter": "IRCS", "location": "JONESNAGAR", "description": ""}}, {"type": "Feature", "geometry": {"type": "Point", "coordinates": [86.75871424, 20.66078073]}, "properties": {"name": "KANTA", "district": "KENDRAPARA", "block": "KANTA", "village": "RAJKANIKA", "shelter": "MFS(St.Plan)", "location": "KANTA", "description": ""}}, {"type": "Feature", "geometry": {"type": "Point", "coordinates": [86.15446584, 20.65658103]}, "properties": {"name": "ARAKHAPUR", "district": "JAJPUR", "block": "ARAKHAPUR", "village": "BADACHANA", "shelter": "MFS(CMRF)", "location": "ARAKHAPUR", "description": ""}}, {"type": "Feature", "geometry": {"type": "Point", "coordinates": [86.21278253, 20.65557347]}, "properties": {"name": "KRISHNAPUR SASAN", "district": "JAJPUR", "block": "KRISHNAPUR SASAN", "village": "BADACHANA", "shelter": "MFS(CMRF)", "location": "KRISHNAPUR SASAN", "description": ""}}, {"type": "Feature", "geometry": {"type": "Point", "coordinates": [86.4803283, 20.64430609]}, "properties": {"name": "SINGAL", "district": "KENDRAPARA", "block": "SINGAL", "village": "AUL", "shelter": "MFS(St.Plan)", "location": "SINGAL", "description": ""}}, {"type": "Feature", "geometry": {"type": "Point", "coordinates": [86.85180665, 20.65258152]}, "properties": {"name": "GUPTI", "district": "KENDRAPARA", "block": "GUPTI", "village": "RAJNAGAR", "shelter": "MCS(CMRF)", "location": "GUPTI", "description": ""}}, {"type": "Feature", "geometry": {"type": "Point", "coordinates": [86.86611814, 20.64176541]}, "properties": {"name": "UKILAPARA", "district": "KENDRAPARA", "block": "UKILAPARA", "village": "RAJNAGAR", "shelter": "IRCS", "location": "UKILAPARA", "description": ""}}, {"type": "Feature", "geometry": {"type": "Point", "coordinates": [86.80707995, 20.63486889]}, "properties": {"name": "NUAGAON", "district": "KENDRAPARA", "block": "NUAGAON", "village": "RAJNAGAR", "shelter": "MCS", "location": "NUAGAON", "description": ""}}, {"type": "Feature", "geometry": {"type": "Point", "coordinates": [86.81161741, 20.63395696]}, "properties": {"name": "BALARAMPUR", "district": "KENDRAPARA", "block": "BALARAMPUR", "village": "RAJNAGAR", "shelter": "MCS", "location": "BALARAMPUR", "description": ""}}, {"type": "Feature", "geometry": {"type": "Point", "coordinates": [86.73514178, 20.63517933]}, "properties": {"name": "EKMANIA", "district": "KENDRAPARA", "block": "EKMANIA", "village": "AUL", "shelter": "MFS(St.Plan)", "location": "EKMANIA", "description": ""}}, {"type": "Feature", "geometry": {"type": "Point", "coordinates": [86.39814157, 20.63867994]}, "properties": {"name": "KRUSHANGAGAR", "district": "JAJPUR", "block": "KRUSHANGAGAR", "village": "BARI", "shelter": "MCS(CMRF)", "location": "KRUSHANGAGAR", "description": ""}}, {"type": "Feature", "geometry": {"type": "Point", "coordinates": [86.77257522, 20.62770524]}, "properties": {"name": "LOKNATHPRASAD", "district": "KENDRAPARA", "block": "LOKNATHPRASAD", "village": "RAJNAGAR", "shelter": "MCS", "location": "LOKNATHPRASAD", "description": ""}}, {"type": "Feature", "geometry": {"type": "Point", "coordinates": [86.47788353, 20.62144396]}, "properties": {"name": "DANDISAHI", "district": "KENDRAPARA", "block": "DANDISAHI", "village": "PATAMUNDAI", "shelter": "MFS(CMRF)", "location": "DANDISAHI", "description": ""}}, {"type": "Feature", "geometry": {"type": "Point", "coordinates": [86.38070987, 20.62121497]}, "properties": {"name": "GOMU", "district": "JAJPUR", "block": "GOMU", "village": "BARI", "shelter": "MFS(CMRF)", "location": "GOMU", "description": ""}}, {"type": "Feature", "geometry": {"type": "Point", "coordinates": [86.68766098, 20.62247015]}, "properties": {"name": "OSTIA", "district": "KENDRAPARA", "block": "OSTIA", "village": "RAJNAGAR", "shelter": "MFS(CMRF)", "location": "OSTIA", "description": ""}}, {"type": "Feature", "geometry": {"type": "Point", "coordinates": [86.85196117, 20.61811111]}, "properties": {"name": "RAJRAJESWARIPUR", "district": "KENDRAPARA", "block": "RAJRAJESWARIPUR", "village": "RAJNAGAR", "shelter": "MCS", "location": "RAJRAJESWARIPUR", "description": ""}}, {"type": "Feature", "geometry": {"type": "Point", "coordinates": [86.33522172, 20.61324784]}, "properties": {"name": "AMATHPUR", "district": "JAJPUR", "block": "AMATHPUR", "village": "BARI", "shelter": "MCS(CMRF)", "location": "AMATHPUR", "description": ""}}, {"type": "Feature", "geometry": {"type": "Point", "coordinates": [86.78281455, 20.61521902]}, "properties": {"name": "BHITARGARH", "district": "KENDRAPARA", "block": "BHITARGARH", "village": "RAJNAGAR", "shelter": "MCS", "location": "BHITARGARH", "description": ""}}, {"type": "Feature", "geometry": {"type": "Point", "coordinates": [86.82029125, 20.6086245]}, "properties": {"name": "SILAPOKHARI", "district": "KENDRAPARA", "block": "SILAPOKHARI", "village": "RAJNAGAR", "shelter": "MCS", "location": "SILAPOKHARI", "description": ""}}, {"type": "Feature", "geometry": {"type": "Point", "coordinates": [86.79091179, 20.60695498]}, "properties": {"name": "LAKSHMINARAYAPUR", "district": "KENDRAPARA", "block": "LAKSHMINARAYAPUR", "village": "RAJNAGAR", "shelter": "NCRMP-AF", "location": "LAKSHMINARAYAPUR", "description": ""}}, {"type": "Feature", "geometry": {"type": "Point", "coordinates": [86.62653782, 20.60720865]}, "properties": {"name": "PALPATANA", "district": "KENDRAPARA", "block": "PALPATANA", "village": "PATAMUNDAI", "shelter": "MFS(St.Plan)", "location": "PALPATANA", "description": ""}}, {"type": "Feature", "geometry": {"type": "Point", "coordinates": [86.73271168, 20.60222256]}, "properties": {"name": "RAJGARH", "district": "KENDRAPARA", "block": "RAJGARH", "village": "RAJNAGAR", "shelter": "MCS", "location": "RAJGARH", "description": ""}}, {"type": "Feature", "geometry": {"type": "Point", "coordinates": [86.76177923, 20.59134107]}, "properties": {"name": "POKHARIA", "district": "KENDRAPARA", "block": "POKHARIA", "village": "RAJNAGAR", "shelter": "NCRMP", "location": "POKHARIA", "description": ""}}, {"type": "Feature", "geometry": {"type": "Point", "coordinates": [86.82136405, 20.58602089]}, "properties": {"name": "NUAGAON", "district": "KENDRAPARA", "block": "NUAGAON", "village": "RAJNAGAR", "shelter": "MCS", "location": "NUAGAON", "description": ""}}, {"type": "Feature", "geometry": {"type": "Point", "coordinates": [86.64477196, 20.58517364]}, "properties": {"name": "BALIPATANA", "district": "KENDRAPARA", "block": "BALIPATANA", "village": "PATAMUNDAI", "shelter": "MFS(St.Plan)", "location": "BALIPATANA", "description": ""}}, {"type": "Feature", "geometry": {"type": "Point", "coordinates": [86.79412786, 20.58566465]}, "properties": {"name": "PARIPANGA", "district": "KENDRAPARA", "block": "PARIPANGA", "village": "RAJNAGAR", "shelter": "IRCS", "location": "PARIPANGA", "description": ""}}, {"type": "Feature", "geometry": {"type": "Point", "coordinates": [86.76996224, 20.57053482]}, "properties": {"name": "KURUNTI", "district": "KENDRAPARA", "block": "KURUNTI", "village": "RAJNAGAR", "shelter": "MCS", "location": "KURUNTI", "description": ""}}, {"type": "Feature", "geometry": {"type": "Point", "coordinates": [86.72864864, 20.57016595]}, "properties": {"name": "RAJNAGAR", "district": "KENDRAPARA", "block": "RAJNAGAR", "village": "RAJNAGAR", "shelter": "MCS", "location": "RAJNAGAR", "description": ""}}, {"type": "Feature", "geometry": {"type": "Point", "coordinates": [86.73204172, 20.57200627]}, "properties": {"name": "MAINSASOR", "district": "KENDRAPARA", "block": "MAINSASOR", "village": "RAJNAGAR", "shelter": "MCS", "location": "MAINSASOR", "description": ""}}, {"type": "Feature", "geometry": {"type": "Point", "coordinates": [86.80779409, 20.57107886]}, "properties": {"name": "KAITHA", "district": "KENDRAPARA", "block": "KAITHA", "village": "RAJNAGAR", "shelter": "IRCS", "location": "KAITHA", "description": ""}}, {"type": "Feature", "geometry": {"type": "Point", "coordinates": [86.70290948, 20.5614602]}, "properties": {"name": "SANKHAPUR", "district": "KENDRAPARA", "block": "SANKHAPUR", "village": "PATAMUNDAI", "shelter": "MCS", "location": "SANKHAPUR", "description": ""}}, {"type": "Feature", "geometry": {"type": "Point", "coordinates": [86.75301794, 20.56225518]}, "properties": {"name": "BALARAMPUR", "district": "KENDRAPARA", "block": "BALARAMPUR", "village": "RAJNAGAR", "shelter": "MCS", "location": "BALARAMPUR", "description": ""}}, {"type": "Feature", "geometry": {"type": "Point", "coordinates": [86.733536, 20.55633597]}, "properties": {"name": "MANGARAJAPUR", "district": "KENDRAPARA", "block": "MANGARAJAPUR", "village": "RAJNAGAR", "shelter": "MCS", "location": "MANGARAJAPUR", "description": ""}}, {"type": "Feature", "geometry": {"type": "Point", "coordinates": [86.71953258, 20.54885872]}, "properties": {"name": "BARAKOT", "district": "KENDRAPARA", "block": "BARAKOT", "village": "RAJNAGAR", "shelter": "MCS", "location": "BARAKOT", "description": ""}}, {"type": "Feature", "geometry": {"type": "Point", "coordinates": [86.78499813, 20.54902578]}, "properties": {"name": "PRASANPUR", "district": "KENDRAPARA", "block": "PRASANPUR", "village": "RAJNAGAR", "shelter": "MCS(CMRF)", "location": "PRASANPUR", "description": ""}}, {"type": "Feature", "geometry": {"type": "Point", "coordinates": [86.76464986, 20.54727768]}, "properties": {"name": "BRAHMANSAHI", "district": "KENDRAPARA", "block": "BRAHMANSAHI", "village": "RAJNAGAR", "shelter": "IRCS", "location": "BRAHMANSAHI", "description": ""}}, {"type": "Feature", "geometry": {"type": "Point", "coordinates": [86.78812763, 20.54430589]}, "properties": {"name": "PENTH", "district": "KENDRAPARA", "block": "PENTH", "village": "RAJNAGAR", "shelter": "ICZMP", "location": "PENTH", "description": ""}}, {"type": "Feature", "geometry": {"type": "Point", "coordinates": [86.75312264, 20.5351577]}, "properties": {"name": "BIDHANANKARA", "district": "KENDRAPARA", "block": "BIDHANANKARA", "village": "RAJNAGAR", "shelter": "MCS", "location": "BIDHANANKARA", "description": ""}}, {"type": "Feature", "geometry": {"type": "Point", "coordinates": [86.72361605, 20.53048764]}, "properties": {"name": "KANDIA", "district": "KENDRAPARA", "block": "KANDIA", "village": "RAJNAGAR", "shelter": "IRCS", "location": "KANDIA", "description": ""}}, {"type": "Feature", "geometry": {"type": "Point", "coordinates": [86.70058344, 20.53302318]}, "properties": {"name": "KARIAPALA", "district": "KENDRAPARA", "block": "KARIAPALA", "village": "PATAMUNDAI", "shelter": "MCS", "location": "KARIAPALA", "description": ""}}, {"type": "Feature", "geometry": {"type": "Point", "coordinates": [86.67908158, 20.5285272]}, "properties": {"name": "KAJALABANDHA", "district": "KENDRAPARA", "block": "KAJALABANDHA", "village": "PATAMUNDAI", "shelter": "NCRMP", "location": "KAJALABANDHA", "description": ""}}, {"type": "Feature", "geometry": {"type": "Point", "coordinates": [86.65770337, 20.52348778]}, "properties": {"name": "BILLIKANAI", "district": "KENDRAPARA", "block": "BILLIKANAI", "village": "PATAMUNDAI", "shelter": "NCRMP", "location": "BILLIKANAI", "description": ""}}, {"type": "Feature", "geometry": {"type": "Point", "coordinates": [86.73828387, 20.51646125]}, "properties": {"name": "TENTALIYAPAL", "district": "KENDRAPARA", "block": "TENTALIYAPAL", "village": "RAJNAGAR", "shelter": "NCRMP", "location": "TENTALIYAPAL", "description": ""}}, {"type": "Feature", "geometry": {"type": "Point", "coordinates": [86.6715359, 20.50894421]}, "properties": {"name": "BADEIPARA", "district": "KENDRAPARA", "block": "BADEIPARA", "village": "PATAMUNDAI", "shelter": "NCRMP-AF", "location": "BADEIPARA", "description": ""}}, {"type": "Feature", "geometry": {"type": "Point", "coordinates": [86.65267706, 20.50504558]}, "properties": {"name": "SATKURIA", "district": "KENDRAPARA", "block": "SATKURIA", "village": "PATAMUNDAI", "shelter": "NCRMP", "location": "SATKURIA", "description": ""}}, {"type": "Feature", "geometry": {"type": "Point", "coordinates": [86.74188732, 20.50184474]}, "properties": {"name": "RATPANG", "district": "KENDRAPARA", "block": "RATPANG", "village": "MAHAKALAPADA", "shelter": "MCS", "location": "RATPANG", "description": ""}}, {"type": "Feature", "geometry": {"type": "Point", "coordinates": [86.66929335, 20.49541879]}, "properties": {"name": "BALIGANDA", "district": "KENDRAPARA", "block": "BALIGANDA", "village": "MAHAKALAPADA", "shelter": "NCRMP", "location": "BALIGANDA", "description": ""}}, {"type": "Feature", "geometry": {"type": "Point", "coordinates": [86.65712745, 20.4886632]}, "properties": {"name": "GAGUA", "district": "KENDRAPARA", "block": "GAGUA", "village": "MAHAKALAPADA", "shelter": "MCS", "location": "GAGUA", "description": ""}}, {"type": "Feature", "geometry": {"type": "Point", "coordinates": [86.67915346, 20.47577795]}, "properties": {"name": "KALATUNGA", "district": "KENDRAPARA", "block": "KALATUNGA", "village": "MAHAKALAPADA", "shelter": "MCS", "location": "KALATUNGA", "description": ""}}, {"type": "Feature", "geometry": {"type": "Point", "coordinates": [86.63848378, 20.48149147]}, "properties": {"name": "SANA RAHAMA", "district": "KENDRAPARA", "block": "SANA RAHAMA", "village": "MAHAKALAPADA", "shelter": "MCS", "location": "SANA RAHAMA", "description": ""}}, {"type": "Feature", "geometry": {"type": "Point", "coordinates": [86.38753045, 20.46424518]}, "properties": {"name": "BALARAMPUR", "district": "KENDRAPARA", "block": "BALARAMPUR", "village": "KENDRAPARA", "shelter": "MFS(St.Plan)", "location": "BALARAMPUR", "description": ""}}, {"type": "Feature", "geometry": {"type": "Point", "coordinates": [86.70916896, 20.46075908]}, "properties": {"name": "SUNITI", "district": "KENDRAPARA", "block": "SUNITI", "village": "MAHAKALAPADA", "shelter": "MCS", "location": "SUNITI", "description": ""}}, {"type": "Feature", "geometry": {"type": "Point", "coordinates": [86.36585515, 20.4630329]}, "properties": {"name": "AITPUR", "district": "KENDRAPARA", "block": "AITPUR", "village": "MARSHAGHAI", "shelter": "MFS(St.Plan)", "location": "AITPUR", "description": ""}}, {"type": "Feature", "geometry": {"type": "Point", "coordinates": [86.34136626, 20.45510528]}, "properties": {"name": "JALPOK", "district": "KENDRAPARA", "block": "JALPOK", "village": "MARSHAGHAI", "shelter": "MFS(CMRF)", "location": "JALPOK", "description": ""}}, {"type": "Feature", "geometry": {"type": "Point", "coordinates": [86.654999, 20.45342102]}, "properties": {"name": "RAIDIA", "district": "KENDRAPARA", "block": "RAIDIA", "village": "MAHAKALAPADA", "shelter": "NCRMP", "location": "RAIDIA", "description": ""}}, {"type": "Feature", "geometry": {"type": "Point", "coordinates": [86.66801541, 20.45296387]}, "properties": {"name": "KANSAR", "district": "KENDRAPARA", "block": "KANSAR", "village": "MAHAKALAPADA", "shelter": "MCS", "location": "KANSAR", "description": ""}}, {"type": "Feature", "geometry": {"type": "Point", "coordinates": [86.62873792, 20.44676211]}, "properties": {"name": "KANPUR", "district": "KENDRAPARA", "block": "KANPUR", "village": "MAHAKALAPADA", "shelter": "NCRMP", "location": "KANPUR", "description": ""}}, {"type": "Feature", "geometry": {"type": "Point", "coordinates": [86.69640051, 20.44528719]}, "properties": {"name": "BENAKANDA", "district": "KENDRAPARA", "block": "BENAKANDA", "village": "MAHAKALAPADA", "shelter": "IRCS", "location": "BENAKANDA", "description": ""}}, {"type": "Feature", "geometry": {"type": "Point", "coordinates": [86.63971257, 20.44326404]}, "properties": {"name": "SUBALA", "district": "KENDRAPARA", "block": "SUBALA", "village": "MAHAKALAPADA", "shelter": "MCS", "location": "SUBALA", "description": ""}}, {"type": "Feature", "geometry": {"type": "Point", "coordinates": [86.67967759, 20.44015655]}, "properties": {"name": "BARODANDA", "district": "KENDRAPARA", "block": "BARODANDA", "village": "MAHAKALAPADA", "shelter": "MFS(St.Plan)", "location": "BARODANDA", "description": ""}}, {"type": "Feature", "geometry": {"type": "Point", "coordinates": [86.68609336, 20.43419928]}, "properties": {"name": "BAG GAHAN", "district": "KENDRAPARA", "block": "BAG GAHAN", "village": "MAHAKALAPADA", "shelter": "NCRMP", "location": "BAG GAHAN", "description": ""}}, {"type": "Feature", "geometry": {"type": "Point", "coordinates": [86.64124964, 20.42225314]}, "properties": {"name": "BARADANGA", "district": "KENDRAPARA", "block": "BARADANGA", "village": "MAHAKALAPADA", "shelter": "NCRMP-AF", "location": "BARADANGA", "description": ""}}, {"type": "Feature", "geometry": {"type": "Point", "coordinates": [86.72316736, 20.43419747]}, "properties": {"name": "JAMBU", "district": "KENDRAPARA", "block": "JAMBU", "village": "MAHAKALAPADA", "shelter": "IRCS", "location": "JAMBU", "description": ""}}, {"type": "Feature", "geometry": {"type": "Point", "coordinates": [86.69076083, 20.42698854]}, "properties": {"name": "KANSAPAL", "district": "KENDRAPARA", "block": "KANSAPAL", "village": "MAHAKALAPADA", "shelter": "NCRMP-AF", "location": "KANSAPAL", "description": ""}}, {"type": "Feature", "geometry": {"type": "Point", "coordinates": [86.615186, 20.42525476]}, "properties": {"name": "JAMARA", "district": "KENDRAPARA", "block": "JAMARA", "village": "MAHAKALAPADA", "shelter": "NCRMP-AF", "location": "JAMARA", "description": ""}}, {"type": "Feature", "geometry": {"type": "Point", "coordinates": [86.31859718, 20.41239353]}, "properties": {"name": "DHANMANDAL", "district": "KENDRAPARA", "block": "DHANMANDAL", "village": "GADARPUR", "shelter": "MFS(St.Plan)", "location": "DHANMANDAL", "description": ""}}, {"type": "Feature", "geometry": {"type": "Point", "coordinates": [86.71572854, 20.40574609]}, "properties": {"name": "JAMBU", "district": "KENDRAPARA", "block": "JAMBU", "village": "MAHAKALAPADA", "shelter": "NCRMP", "location": "JAMBU", "description": ""}}, {"type": "Feature", "geometry": {"type": "Point", "coordinates": [86.67820444, 20.40144796]}, "properties": {"name": "PRABHAKARPUR", "district": "KENDRAPARA", "block": "PRABHAKARPUR", "village": "MAHAKALAPADA", "shelter": "MCS", "location": "PRABHAKARPUR", "description": ""}}, {"type": "Feature", "geometry": {"type": "Point", "coordinates": [86.33856001, 20.4040235]}, "properties": {"name": "KORUAN", "district": "KENDRAPARA", "block": "KORUAN", "village": "GADARPUR", "shelter": "MFS(CMRF)", "location": "KORUAN", "description": ""}}, {"type": "Feature", "geometry": {"type": "Point", "coordinates": [86.63387011, 20.39864708]}, "properties": {"name": "ADAL", "district": "KENDRAPARA", "block": "ADAL", "village": "MAHAKALAPADA", "shelter": "MCS", "location": "ADAL", "description": ""}}, {"type": "Feature", "geometry": {"type": "Point", "coordinates": [86.42535893, 20.39958185]}, "properties": {"name": "PODANA", "district": "KENDRAPARA", "block": "PODANA", "village": "MARSHAGHAI", "shelter": "MFS(CMRF)", "location": "PODANA", "description": ""}}, {"type": "Feature", "geometry": {"type": "Point", "coordinates": [86.6009459, 20.39844783]}, "properties": {"name": "KUMHARPADA", "district": "KENDRAPARA", "block": "KUMHARPADA", "village": "MAHAKALAPADA", "shelter": "IRCS", "location": "KUMHARPADA", "description": ""}}, {"type": "Feature", "geometry": {"type": "Point", "coordinates": [86.56927355, 20.39510304]}, "properties": {"name": "TERAGAON", "district": "KENDRAPARA", "block": "TERAGAON", "village": "MAHAKALAPADA", "shelter": "MFS(St.Plan)", "location": "TERAGAON", "description": ""}}, {"type": "Feature", "geometry": {"type": "Point", "coordinates": [86.44977455, 20.39151526]}, "properties": {"name": "PARKULA", "district": "KENDRAPARA", "block": "PARKULA", "village": "MARSHAGHAI", "shelter": "MFS(CMRF)", "location": "PARKULA", "description": ""}}, {"type": "Feature", "geometry": {"type": "Point", "coordinates": [86.60557933, 20.3908436]}, "properties": {"name": "BANDHAPARA", "district": "KENDRAPARA", "block": "BANDHAPARA", "village": "MAHAKALAPADA", "shelter": "IRCS", "location": "BANDHAPARA", "description": ""}}, {"type": "Feature", "geometry": {"type": "Point", "coordinates": [86.38668185, 20.38968492]}, "properties": {"name": "NAINDIPUR", "district": "KENDRAPARA", "block": "NAINDIPUR", "village": "GADARPUR", "shelter": "MFS(St.Plan)", "location": "NAINDIPUR", "description": ""}}, {"type": "Feature", "geometry": {"type": "Point", "coordinates": [86.50106094, 20.38618386]}, "properties": {"name": "BARAGAON", "district": "KENDRAPARA", "block": "BARAGAON", "village": "MAHAKALAPADA", "shelter": "MFS(St.Plan)", "location": "BARAGAON", "description": ""}}, {"type": "Feature", "geometry": {"type": "Point", "coordinates": [86.63946461, 20.3849788]}, "properties": {"name": "SARUMAHIN", "district": "KENDRAPARA", "block": "SARUMAHIN", "village": "MAHAKALAPADA", "shelter": "IRCS", "location": "SARUMAHIN", "description": ""}}, {"type": "Feature", "geometry": {"type": "Point", "coordinates": [86.65717606, 20.38160659]}, "properties": {"name": "PETCHHOLA", "district": "KENDRAPARA", "block": "PETCHHOLA", "village": "MAHAKALAPADA", "shelter": "ICZMP", "location": "PETCHHOLA", "description": ""}}, {"type": "Feature", "geometry": {"type": "Point", "coordinates": [86.52752557, 20.37879502]}, "properties": {"name": "JADUPUR", "district": "KENDRAPARA", "block": "JADUPUR", "village": "MAHAKALAPADA", "shelter": "IRCS", "location": "JADUPUR", "description": ""}}, {"type": "Feature", "geometry": {"type": "Point", "coordinates": [86.59874021, 20.37528322]}, "properties": {"name": "GOKHAKHATI", "district": "KENDRAPARA", "block": "GOKHAKHATI", "village": "MAHAKALAPADA", "shelter": "NCRMP", "location": "GOKHAKHATI", "description": ""}}, {"type": "Feature", "geometry": {"type": "Point", "coordinates": [86.46190758, 20.37094633]}, "properties": {"name": "BERUHAN", "district": "KENDRAPARA", "block": "BERUHAN", "village": "MARSHAGHAI", "shelter": "MFS(St.Plan)", "location": "BERUHAN", "description": ""}}, {"type": "Feature", "geometry": {"type": "Point", "coordinates": [86.61978474, 20.36803432]}, "properties": {"name": "TENTULI KANDHA", "district": "KENDRAPARA", "block": "TENTULI KANDHA", "village": "MAHAKALAPADA", "shelter": "NCRMP", "location": "TENTULI KANDHA", "description": ""}}, {"type": "Feature", "geometry": {"type": "Point", "coordinates": [86.69075142, 20.35336545]}, "properties": {"name": "KHARNASI", "district": "KENDRAPARA", "block": "KHARNASI", "village": "MAHAKALAPADA", "shelter": "IRCS", "location": "KHARNASI", "description": ""}}, {"type": "Feature", "geometry": {"type": "Point", "coordinates": [86.58643962, 20.36513434]}, "properties": {"name": "SUBALA", "district": "KENDRAPARA", "block": "SUBALA", "village": "MAHAKALAPADA", "shelter": "IRCS", "location": "SUBALA", "description": ""}}, {"type": "Feature", "geometry": {"type": "Point", "coordinates": [86.67999226, 20.36970382]}, "properties": {"name": "RAMNAGAR", "district": "KENDRAPARA", "block": "RAMNAGAR", "village": "MAHAKALAPADA", "shelter": "MCS", "location": "RAMNAGAR", "description": ""}}, {"type": "Feature", "geometry": {"type": "Point", "coordinates": [86.40965302, 20.35756513]}, "properties": {"name": "SIRASTA", "district": "KENDRAPARA", "block": "SIRASTA", "village": "GADARPUR", "shelter": "MFS(CMRF)", "location": "SIRASTA", "description": ""}}, {"type": "Feature", "geometry": {"type": "Point", "coordinates": [86.43430886, 20.34749561]}, "properties": {"name": "BALIGHAI", "district": "KENDRAPARA", "block": "BALIGHAI", "village": "MARSHAGHAI", "shelter": "MFS(CMRF)", "location": "BALIGHAI", "description": ""}}, {"type": "Feature", "geometry": {"type": "Point", "coordinates": [86.5383391, 20.34863528]}, "properties": {"name": "KORATPANGA", "district": "KENDRAPARA", "block": "KORATPANGA", "village": "MAHAKALAPADA", "shelter": "MFS(CMRF)", "location": "KORATPANGA", "description": ""}}, {"type": "Feature", "geometry": {"type": "Point", "coordinates": [86.66871536, 20.34551935]}, "properties": {"name": "BARAJBAHUKUD", "district": "KENDRAPARA", "block": "BARAJBAHUKUD", "village": "MAHAKALAPADA", "shelter": "MCS", "location": "BARAJBAHUKUD", "description": ""}}, {"type": "Feature", "geometry": {"type": "Point", "coordinates": [86.56376491, 20.3507897]}, "properties": {"name": "TIKARPANGA", "district": "KENDRAPARA", "block": "TIKARPANGA", "village": "MAHAKALAPADA", "shelter": "MFS(CMRF)", "location": "TIKARPANGA", "description": ""}}, {"type": "Feature", "geometry": {"type": "Point", "coordinates": [86.63452801, 20.34412887]}, "properties": {"name": "AKHRASALI", "district": "KENDRAPARA", "block": "AKHRASALI", "village": "MAHAKALAPADA", "shelter": "MCS", "location": "AKHRASALI", "description": ""}}, {"type": "Feature", "geometry": {"type": "Point", "coordinates": [86.44904015, 20.34669685]}, "properties": {"name": "MANGRAJPUR", "district": "KENDRAPARA", "block": "MANGRAJPUR", "village": "MARSHAGHAI", "shelter": "MFS(St.Plan)", "location": "MANGRAJPUR", "description": ""}}, {"type": "Feature", "geometry": {"type": "Point", "coordinates": [86.58311356, 20.34506471]}, "properties": {"name": "CHHANDA", "district": "KENDRAPARA", "block": "CHHANDA", "village": "MAHAKALAPADA", "shelter": "MCS", "location": "CHHANDA", "description": ""}}, {"type": "Feature", "geometry": {"type": "Point", "coordinates": [86.65311371, 20.33753246]}, "properties": {"name": "PITAPAT", "district": "KENDRAPARA", "block": "PITAPAT", "village": "MAHAKALAPADA", "shelter": "NCRMP", "location": "PITAPAT", "description": ""}}, {"type": "Feature", "geometry": {"type": "Point", "coordinates": [86.53731323, 20.33714879]}, "properties": {"name": "KHURUSIAPAT", "district": "KENDRAPARA", "block": "KHURUSIAPAT", "village": "MAHAKALAPADA", "shelter": "MCS", "location": "KHURUSIAPAT", "description": ""}}, {"type": "Feature", "geometry": {"type": "Point", "coordinates": [86.69348811, 20.34576118]}, "properties": {"name": "BARATOPI", "district": "KENDRAPARA", "block": "BARATOPI", "village": "MAHAKALAPADA", "shelter": "ICZMP", "location": "BARATOPI", "description": ""}}, {"type": "Feature", "geometry": {"type": "Point", "coordinates": [86.48380716, 20.33296395]}, "properties": {"name": "TIKHIRI", "district": "KENDRAPARA", "block": "TIKHIRI", "village": "MAHAKALAPADA", "shelter": "MFS(CMRF)", "location": "TIKHIRI", "description": ""}}, {"type": "Feature", "geometry": {"type": "Point", "coordinates": [86.72430634, 20.32669619]}, "properties": {"name": "BARKULKHOLA", "district": "KENDRAPARA", "block": "BARKULKHOLA", "village": "MAHAKALAPADA", "shelter": "IRCS", "location": "BARKULKHOLA", "description": ""}}, {"type": "Feature", "geometry": {"type": "Point", "coordinates": [82.4984328, 19.8868687]}, "properties": {"name": "SALEBIRI", "district": "NABARANGAPUR", "block": "SALEBIRI", "village": "CHANDAHANDI", "shelter": "MFS(CMRF)", "location": "SALEBIRI", "description": ""}}, {"type": "Feature", "geometry": {"type": "Point", "coordinates": [82.13914738, 19.76466872]}, "properties": {"name": "BEHEDA", "district": "NABARANGAPUR", "block": "BEHEDA", "village": "UMARKOTE", "shelter": "MFS(CMRF)", "location": "BEHEDA", "description": ""}}, {"type": "Feature", "geometry": {"type": "Point", "coordinates": [82.13280866, 19.67064699]}, "properties": {"name": "BHATTIBEDA", "district": "NABARANGAPUR", "block": "BHATTIBEDA", "village": "UMARKOTE", "shelter": "MFS(CMRF)", "location": "BHATTIBEDA", "description": ""}}, {"type": "Feature", "geometry": {"type": "Point", "coordinates": [82.20207153, 19.66744246]}, "properties": {"name": "UMARKOT", "district": "NABARANGAPUR", "block": "UMARKOT", "village": "UMARKOTE", "shelter": "MFS(CMRF)", "location": "UMARKOT", "description": ""}}, {"type": "Feature", "geometry": {"type": "Point", "coordinates": [82.16390287, 19.5047055]}, "properties": {"name": "SINGISARI", "district": "NABARANGAPUR", "block": "SINGISARI", "village": "UMARKOTE", "shelter": "MFS(CMRF)", "location": "SINGISARI", "description": ""}}, {"type": "Feature", "geometry": {"type": "Point", "coordinates": [82.45088828, 19.3230069]}, "properties": {"name": "MAKIA", "district": "NABARANGAPUR", "block": "MAKIA", "village": "PAPADAHANDI", "shelter": "MFS(CMRF)", "location": "MAKIA", "description": ""}}, {"type": "Feature", "geometry": {"type": "Point", "coordinates": [82.57187877, 19.28869381]}, "properties": {"name": "BAGSIUNI", "district": "NABARANGAPUR", "block": "BAGSIUNI", "village": "NABARANGAPUR", "shelter": "MFS(CMRF)", "location": "BAGSIUNI", "description": ""}}, {"type": "Feature", "geometry": {"type": "Point", "coordinates": [82.54631529, 19.23491064]}, "properties": {"name": "NABARANGPUR", "district": "NABARANGAPUR", "block": "NABARANGPUR", "village": "NABARANGAPUR", "shelter": "MFS(CMRF)", "location": "NABARANGPUR", "description": ""}}, {"type": "Feature", "geometry": {"type": "Point", "coordinates": [82.50698488, 19.21078495]}, "properties": {"name": "PUJARIGURA", "district": "NABARANGAPUR", "block": "PUJARIGURA", "village": "NABARANGAPUR", "shelter": "MFS(CMRF)", "location": "PUJARIGURA", "description": ""}}, {"type": "Feature", "geometry": {"type": "Point", "coordinates": [82.48239983, 19.19060989]}, "properties": {"name": "SINDHIGAN", "district": "NABARANGAPUR", "block": "SINDHIGAN", "village": "NABARANGAPUR", "shelter": "MFS(CMRF)", "location": "SINDHIGAN", "description": ""}}, {"type": "Feature", "geometry": {"type": "Point", "coordinates": [82.63537692, 19.15595038]}, "properties": {"name": "BHITARBADI", "district": "KORAPUT", "block": "BHITARBADI", "village": "BORIGUMA", "shelter": "MFS(CMRF)", "location": "BHITARBADI", "description": ""}}, {"type": "Feature", "geometry": {"type": "Point", "coordinates": [82.28478274, 19.14555267]}, "properties": {"name": "SHANKARDA", "district": "KORAPUT", "block": "SHANKARDA", "village": "KOTPAD", "shelter": "MFS(CMRF)", "location": "SHANKARDA", "description": ""}}, {"type": "Feature", "geometry": {"type": "Point", "coordinates": [82.50274858, 18.81820741]}, "properties": {"name": "BALIA", "district": "KORAPUT", "block": "BALIA", "village": "JEYPORE", "shelter": "MFS(CMRF)", "location": "BALIA", "description": ""}}, {"type": "Feature", "geometry": {"type": "Point", "coordinates": [82.25085691, 18.59737813]}, "properties": {"name": "DUGIAPUT", "district": "MALKANGIRI", "block": "DUGIAPUT", "village": "MATHILI", "shelter": "MFS(CMRF)", "location": "DUGIAPUT", "description": ""}}, {"type": "Feature", "geometry": {"type": "Point", "coordinates": [81.7869046, 18.19967439]}, "properties": {"name": "BADILI", "district": "MALKANGIRI", "block": "BADILI", "village": "KORUKUNDA", "shelter": "MFS(CMRF)", "location": "BADILI", "description": ""}}, {"type": "Feature", "geometry": {"type": "Point", "coordinates": [81.63776896, 18.07563511]}, "properties": {"name": "PEDDAGURHA", "district": "MALKANGIRI", "block": "PEDDAGURHA", "village": "KALIMELA", "shelter": "MFS(CMRF)", "location": "PEDDAGURHA", "description": ""}}, {"type": "Feature", "geometry": {"type": "Point", "coordinates": [81.399363, 17.832857]}, "properties": {"name": "MOTU", "district": "MALKANGIRI", "block": "MOTU", "village": "PODIA", "shelter": "MFS(CMRF)", "location": "MOTU", "description": ""}}, {"type": "Feature", "geometry": {"type": "Point", "coordinates": [86.74942592, 20.3442218]}, "properties": {"name": "KAJALPOTA", "district": "KENDRAPARA", "block": "KAJALPOTA", "village": "MAHAKALAPADA", "shelter": "NCRMP", "location": "KAJALPOTA", "description": ""}}, {"type": "Feature", "geometry": {"type": "Point", "coordinates": [85.19415053, 20.88344038]}, "properties": {"name": "KUSAPANGI", "district": "ANGUL", "block": "KUSAPANGI", "village": "BANARPAL", "shelter": "MFS(CMRF)", "location": "KUSAPANGI", "description": ""}}, {"type": "Feature", "geometry": {"type": "Point", "coordinates": [83.47533501, 21.61525914]}, "properties": {"name": "ANTRARI", "district": "BARAGARH", "block": "ANTRARI", "village": "AMBABHONA", "shelter": "MFS(CMRF)", "location": "ANTRARI", "description": ""}}, {"type": "Feature", "geometry": {"type": "Point", "coordinates": [83.43453916, 21.63174315]}, "properties": {"name": "GANTHIAPAL", "district": "BARAGARH", "block": "GANTHIAPAL", "village": "AMBABHONA", "shelter": "MFS(CMRF)", "location": "GANTHIAPAL", "description": ""}}, {"type": "Feature", "geometry": {"type": "Point", "coordinates": [83.84116167, 21.10955511]}, "properties": {"name": "GOND TURUM", "district": "BARAGARH", "block": "GOND TURUM", "village": "BHEDEN", "shelter": "MFS(CMRF)", "location": "GOND TURUM", "description": ""}}, {"type": "Feature", "geometry": {"type": "Point", "coordinates": [86.87436825, 20.96008963]}, "properties": {"name": "BIJAYPATANA", "district": "BHADRAK", "block": "BIJAYPATANA", "village": "BASUDEVPUR", "shelter": "MCS", "location": "BIJAYPATANA", "description": ""}}, {"type": "Feature", "geometry": {"type": "Point", "coordinates": [86.82156476, 20.97590573]}, "properties": {"name": "BALARAMPUR", "district": "BHADRAK", "block": "BALARAMPUR", "village": "BASUDEVPUR", "shelter": "NCRMP", "location": "BALARAMPUR", "description": ""}}, {"type": "Feature", "geometry": {"type": "Point", "coordinates": [86.78026614, 20.97468002]}, "properties": {"name": "KHANTKHUAR", "district": "BHADRAK", "block": "KHANTKHUAR", "village": "BASUDEVPUR", "shelter": "IRCS", "location": "KHANTKHUAR", "description": ""}}, {"type": "Feature", "geometry": {"type": "Point", "coordinates": [86.78887757, 20.98525484]}, "properties": {"name": "JURAGADIA", "district": "BHADRAK", "block": "JURAGADIA", "village": "BASUDEVPUR", "shelter": "MCS", "location": "JURAGADIA", "description": ""}}, {"type": "Feature", "geometry": {"type": "Point", "coordinates": [86.85325172, 20.98876103]}, "properties": {"name": "HABELISAHI", "district": "BHADRAK", "block": "HABELISAHI", "village": "BASUDEVPUR", "shelter": "MCS", "location": "HABELISAHI", "description": ""}}, {"type": "Feature", "geometry": {"type": "Point", "coordinates": [86.82358005, 20.99529086]}, "properties": {"name": "BRAJANANDAPUR", "district": "BHADRAK", "block": "BRAJANANDAPUR", "village": "BASUDEVPUR", "shelter": "MCS", "location": "BRAJANANDAPUR", "description": ""}}, {"type": "Feature", "geometry": {"type": "Point", "coordinates": [86.81415381, 21.00288157]}, "properties": {"name": "GOBINDAPUR", "district": "BHADRAK", "block": "GOBINDAPUR", "village": "BASUDEVPUR", "shelter": "MCS", "location": "GOBINDAPUR", "description": ""}}, {"type": "Feature", "geometry": {"type": "Point", "coordinates": [86.78914764, 21.00397764]}, "properties": {"name": "MACHHUAGHAI BADA", "district": "BHADRAK", "block": "MACHHUAGHAI BADA", "village": "BASUDEVPUR", "shelter": "MCS", "location": "MACHHUAGHAI BADA", "description": ""}}, {"type": "Feature", "geometry": {"type": "Point", "coordinates": [86.8149173, 21.01545612]}, "properties": {"name": "GADI", "district": "BHADRAK", "block": "GADI", "village": "BASUDEVPUR", "shelter": "NCRMP-AF", "location": "GADI", "description": ""}}, {"type": "Feature", "geometry": {"type": "Point", "coordinates": [86.776041, 21.01446]}, "properties": {"name": "RAJGHARPOKHARI", "district": "BHADRAK", "block": "RAJGHARPOKHARI", "village": "BASUDEVPUR", "shelter": "MCS", "location": "RAJGHARPOKHARI", "description": ""}}, {"type": "Feature", "geometry": {"type": "Point", "coordinates": [86.81726747, 21.02106081]}, "properties": {"name": "BIDEIPUR", "district": "BHADRAK", "block": "BIDEIPUR", "village": "BASUDEVPUR", "shelter": "NCRMP-AF", "location": "BIDEIPUR", "description": ""}}, {"type": "Feature", "geometry": {"type": "Point", "coordinates": [86.771288, 21.020094]}, "properties": {"name": "LAKSHMIPRASAD", "district": "BHADRAK", "block": "LAKSHMIPRASAD", "village": "BASUDEVPUR", "shelter": "MCS", "location": "LAKSHMIPRASAD", "description": ""}}, {"type": "Feature", "geometry": {"type": "Point", "coordinates": [86.80572266, 21.0217787]}, "properties": {"name": "KERSAHI", "district": "BHADRAK", "block": "KERSAHI", "village": "BASUDEVPUR", "shelter": "NCRMP-AF", "location": "KERSAHI", "description": ""}}, {"type": "Feature", "geometry": {"type": "Point", "coordinates": [86.708765, 21.032345]}, "properties": {"name": "MISHRAPUR", "district": "BHADRAK", "block": "MISHRAPUR", "village": "BASUDEVPUR", "shelter": "MFS(CMRF)", "location": "MISHRAPUR", "description": ""}}, {"type": "Feature", "geometry": {"type": "Point", "coordinates": [86.807543, 21.032347]}, "properties": {"name": "BIROS", "district": "BHADRAK", "block": "BIROS", "village": "BASUDEVPUR", "shelter": "MCS", "location": "BIROS", "description": ""}}, {"type": "Feature", "geometry": {"type": "Point", "coordinates": [86.720942, 21.032578]}, "properties": {"name": "PATANA MISHRAPUR", "district": "BHADRAK", "block": "PATANA MISHRAPUR", "village": "BASUDEVPUR", "shelter": "MCS", "location": "PATANA MISHRAPUR", "description": ""}}, {"type": "Feature", "geometry": {"type": "Point", "coordinates": [86.761881, 21.039799]}, "properties": {"name": "MANGARH", "district": "BHADRAK", "block": "MANGARH", "village": "BASUDEVPUR", "shelter": "NCRMP", "location": "MANGARH", "description": ""}}, {"type": "Feature", "geometry": {"type": "Point", "coordinates": [86.761942, 21.042921]}, "properties": {"name": "LOKSHMIPRASADPUR", "district": "BHADRAK", "block": "LOKSHMIPRASADPUR", "village": "BASUDEVPUR", "shelter": "MCS", "location": "LOKSHMIPRASADPUR", "description": ""}}, {"type": "Feature", "geometry": {"type": "Point", "coordinates": [86.799731, 21.069597]}, "properties": {"name": "KRUSHNAPUR", "district": "BHADRAK", "block": "KRUSHNAPUR", "village": "BASUDEVPUR", "shelter": "NCRMP-AF", "location": "KRUSHNAPUR", "description": ""}}, {"type": "Feature", "geometry": {"type": "Point", "coordinates": [86.698702, 21.073189]}, "properties": {"name": "LUNGA", "district": "BHADRAK", "block": "LUNGA", "village": "BASUDEVPUR", "shelter": "MFS(St.Plan)", "location": "LUNGA", "description": ""}}, {"type": "Feature", "geometry": {"type": "Point", "coordinates": [86.798098, 21.079247]}, "properties": {"name": "KRUSHNAPUR", "district": "BHADRAK", "block": "KRUSHNAPUR", "village": "BASUDEVPUR", "shelter": "NCRMP", "location": "KRUSHNAPUR", "description": ""}}, {"type": "Feature", "geometry": {"type": "Point", "coordinates": [86.80769271, 21.07971412]}, "properties": {"name": "SANA KRUSHANAPUR", "district": "BHADRAK", "block": "SANA KRUSHANAPUR", "village": "BASUDEVPUR", "shelter": "CMRF", "location": "SANA KRUSHANAPUR", "description": ""}}, {"type": "Feature", "geometry": {"type": "Point", "coordinates": [86.82204814, 21.07793718]}, "properties": {"name": "SANA KRUSHANAPUR", "district": "BHADRAK", "block": "SANA KRUSHANAPUR", "village": "BASUDEVPUR", "shelter": "IRCS", "location": "SANA KRUSHANAPUR", "description": ""}}, {"type": "Feature", "geometry": {"type": "Point", "coordinates": [86.81062912, 21.09716478]}, "properties": {"name": "KISMAT KRUSHNAPUR", "district": "BHADRAK", "block": "KISMAT KRUSHNAPUR", "village": "BASUDEVPUR", "shelter": "MCS", "location": "KISMAT KRUSHNAPUR", "description": ""}}, {"type": "Feature", "geometry": {"type": "Point", "coordinates": [86.797968, 21.107241]}, "properties": {"name": "KISMAT KRUSHNAPUR", "district": "BHADRAK", "block": "KISMAT KRUSHNAPUR", "village": "BASUDEVPUR", "shelter": "NCRMP-AF", "location": "KISMAT KRUSHNAPUR", "description": ""}}, {"type": "Feature", "geometry": {"type": "Point", "coordinates": [86.791979, 21.109284]}, "properties": {"name": "RADHAKANTAPUR", "district": "BHADRAK", "block": "RADHAKANTAPUR", "village": "BASUDEVPUR", "shelter": "NCRMP-AF", "location": "RADHAKANTAPUR", "description": ""}}, {"type": "Feature", "geometry": {"type": "Point", "coordinates": [86.798022, 21.133351]}, "properties": {"name": "CHURAMANI ARHIA", "district": "BHADRAK", "block": "CHURAMANI ARHIA", "village": "BASUDEVPUR", "shelter": "IRCS", "location": "CHURAMANI ARHIA", "description": ""}}, {"type": "Feature", "geometry": {"type": "Point", "coordinates": [86.782526, 21.139187]}, "properties": {"name": "CHURAMANI", "district": "BHADRAK", "block": "CHURAMANI", "village": "BASUDEVPUR", "shelter": "NCRMP", "location": "CHURAMANI", "description": ""}}, {"type": "Feature", "geometry": {"type": "Point", "coordinates": [86.763796, 21.140845]}, "properties": {"name": "CHURAMANI", "district": "BHADRAK", "block": "CHURAMANI", "village": "BASUDEVPUR", "shelter": "MCS(CMRF)", "location": "CHURAMANI", "description": ""}}, {"type": "Feature", "geometry": {"type": "Point", "coordinates": [86.786776, 21.148339]}, "properties": {"name": "ADUAN", "district": "BHADRAK", "block": "ADUAN", "village": "BASUDEVPUR", "shelter": "NCRMP", "location": "ADUAN", "description": ""}}, {"type": "Feature", "geometry": {"type": "Point", "coordinates": [86.721201, 21.151762]}, "properties": {"name": "KALIDASPUR", "district": "BHADRAK", "block": "KALIDASPUR", "village": "BASUDEVPUR", "shelter": "MFS(St.Plan)", "location": "KALIDASPUR", "description": ""}}, {"type": "Feature", "geometry": {"type": "Point", "coordinates": [86.785624, 21.153921]}, "properties": {"name": "IRAM", "district": "BHADRAK", "block": "IRAM", "village": "BASUDEVPUR", "shelter": "NCRMP-AF", "location": "IRAM", "description": ""}}, {"type": "Feature", "geometry": {"type": "Point", "coordinates": [86.800303, 21.155302]}, "properties": {"name": "ARHIA", "district": "BHADRAK", "block": "ARHIA", "village": "BASUDEVPUR", "shelter": "IRCS", "location": "ARHIA", "description": ""}}, {"type": "Feature", "geometry": {"type": "Point", "coordinates": [86.76903, 21.161539]}, "properties": {"name": "OLAGADA", "district": "BHADRAK", "block": "OLAGADA", "village": "BASUDEVPUR", "shelter": "IRCS", "location": "OLAGADA", "description": ""}}, {"type": "Feature", "geometry": {"type": "Point", "coordinates": [86.77611, 21.169813]}, "properties": {"name": "KUMIRGARIA", "district": "BHADRAK", "block": "KUMIRGARIA", "village": "BASUDEVPUR", "shelter": "MCS", "location": "KUMIRGARIA", "description": ""}}, {"type": "Feature", "geometry": {"type": "Point", "coordinates": [86.792666, 21.170273]}, "properties": {"name": "NUAGAN", "district": "BHADRAK", "block": "NUAGAN", "village": "BASUDEVPUR", "shelter": "MCS", "location": "NUAGAN", "description": ""}}, {"type": "Feature", "geometry": {"type": "Point", "coordinates": [86.757189, 21.170374]}, "properties": {"name": "JAGANNATH", "district": "BHADRAK", "block": "JAGANNATH", "village": "BASUDEVPUR", "shelter": "MCS", "location": "JAGANNATH", "description": ""}}, {"type": "Feature", "geometry": {"type": "Point", "coordinates": [86.754534, 21.173582]}, "properties": {"name": "SUDARSHANPUR", "district": "BHADRAK", "block": "SUDARSHANPUR", "village": "BASUDEVPUR", "shelter": "MFS(St.Plan)", "location": "SUDARSHANPUR", "description": ""}}, {"type": "Feature", "geometry": {"type": "Point", "coordinates": [86.794932, 21.17364]}, "properties": {"name": "UHAR", "district": "BHADRAK", "block": "UHAR", "village": "BASUDEVPUR", "shelter": "IRCS", "location": "UHAR", "description": ""}}, {"type": "Feature", "geometry": {"type": "Point", "coordinates": [86.711192, 21.173899]}, "properties": {"name": "RATANG", "district": "BHADRAK", "block": "RATANG", "village": "BASUDEVPUR", "shelter": "IRCS", "location": "RATANG", "description": ""}}, {"type": "Feature", "geometry": {"type": "Point", "coordinates": [86.7679527, 21.18316209]}, "properties": {"name": "ARTUNG", "district": "BHADRAK", "block": "ARTUNG", "village": "BASUDEVPUR", "shelter": "NCRMP", "location": "ARTUNG", "description": ""}}, {"type": "Feature", "geometry": {"type": "Point", "coordinates": [86.79422496, 21.19161604]}, "properties": {"name": "SANKHARO", "district": "BHADRAK", "block": "SANKHARO", "village": "BASUDEVPUR", "shelter": "MCS", "location": "SANKHARO", "description": ""}}, {"type": "Feature", "geometry": {"type": "Point", "coordinates": [86.80165109, 21.19784155]}, "properties": {"name": "KUMARPUR", "district": "BHADRAK", "block": "KUMARPUR", "village": "BASUDEVPUR", "shelter": "MCS", "location": "KUMARPUR", "description": ""}}, {"type": "Feature", "geometry": {"type": "Point", "coordinates": [86.802706, 21.200991]}, "properties": {"name": "PADHUAN", "district": "BHADRAK", "block": "PADHUAN", "village": "BASUDEVPUR", "shelter": "MCS", "location": "PADHUAN", "description": ""}}, {"type": "Feature", "geometry": {"type": "Point", "coordinates": [86.825159, 21.20697]}, "properties": {"name": "MOHANPUR", "district": "BHADRAK", "block": "MOHANPUR", "village": "BASUDEVPUR", "shelter": "IRCS", "location": "MOHANPUR", "description": ""}}, {"type": "Feature", "geometry": {"type": "Point", "coordinates": [86.797419, 21.210146]}, "properties": {"name": "BACHHADA", "district": "BHADRAK", "block": "BACHHADA", "village": "BASUDEVPUR", "shelter": "MCS", "location": "BACHHADA", "description": ""}}, {"type": "Feature", "geometry": {"type": "Point", "coordinates": [86.78467, 21.221562]}, "properties": {"name": "SARANGPUR", "district": "BHADRAK", "block": "SARANGPUR", "village": "BASUDEVPUR", "shelter": "MCS(CMRF)", "location": "SARANGPUR", "description": ""}}, {"type": "Feature", "geometry": {"type": "Point", "coordinates": [86.534922, 20.987377]}, "properties": {"name": "SUSUA", "district": "BHADRAK", "block": "SUSUA", "village": "BHADRAK", "shelter": "MFS(St.Plan)", "location": "SUSUA", "description": ""}}, {"type": "Feature", "geometry": {"type": "Point", "coordinates": [86.428927, 21.121502]}, "properties": {"name": "DAISINGHA", "district": "BHADRAK", "block": "DAISINGHA", "village": "BHADRAK", "shelter": "MFS(CMRF)", "location": "DAISINGHA", "description": ""}}, {"type": "Feature", "geometry": {"type": "Point", "coordinates": [86.345507, 20.859997]}, "properties": {"name": "MANINATHPUR", "district": "BHADRAK", "block": "MANINATHPUR", "village": "BHANDARIPOKHARI", "shelter": "MFS(CMRF)", "location": "MANINATHPUR", "description": ""}}, {"type": "Feature", "geometry": {"type": "Point", "coordinates": [86.368601, 20.87031]}, "properties": {"name": "BIROLI", "district": "BHADRAK", "block": "BIROLI", "village": "BHANDARIPOKHARI", "shelter": "MFS(St.Plan)", "location": "BIROLI", "description": ""}}, {"type": "Feature", "geometry": {"type": "Point", "coordinates": [86.352953, 20.885321]}, "properties": {"name": "JALAHAR", "district": "BHADRAK", "block": "JALAHAR", "village": "BHANDARIPOKHARI", "shelter": "MFS(CMRF)", "location": "JALAHAR", "description": ""}}, {"type": "Feature", "geometry": {"type": "Point", "coordinates": [86.294405, 21.003145]}, "properties": {"name": "BANDALO", "district": "BHADRAK", "block": "BANDALO", "village": "BHANDARIPOKHARI", "shelter": "MFS(St.Plan)", "location": "BANDALO", "description": ""}}, {"type": "Feature", "geometry": {"type": "Point", "coordinates": [86.406069, 21.182469]}, "properties": {"name": "CHARIGAN", "district": "BHADRAK", "block": "CHARIGAN", "village": "BONTH", "shelter": "MFS(St.Plan)", "location": "CHARIGAN", "description": ""}}, {"type": "Feature", "geometry": {"type": "Point", "coordinates": [86.785914, 20.747881]}, "properties": {"name": "KANRIAPAL", "district": "BHADRAK", "block": "KANRIAPAL", "village": "CHANDABALI", "shelter": "IRCS", "location": "KANRIAPAL", "description": ""}}, {"type": "Feature", "geometry": {"type": "Point", "coordinates": [86.808176, 20.777205]}, "properties": {"name": "URASAHI", "district": "BHADRAK", "block": "URASAHI", "village": "CHANDABALI", "shelter": "IRCS", "location": "URASAHI", "description": ""}}, {"type": "Feature", "geometry": {"type": "Point", "coordinates": [86.694125, 20.799507]}, "properties": {"name": "TENTULIDIHI", "district": "BHADRAK", "block": "TENTULIDIHI", "village": "CHANDABALI", "shelter": "IRCS", "location": "TENTULIDIHI", "description": ""}}, {"type": "Feature", "geometry": {"type": "Point", "coordinates": [86.846835, 20.802542]}, "properties": {"name": "CHARDIA", "district": "BHADRAK", "block": "CHARDIA", "village": "CHANDABALI", "shelter": "IRCS", "location": "CHARDIA", "description": ""}}, {"type": "Feature", "geometry": {"type": "Point", "coordinates": [86.900133, 20.804764]}, "properties": {"name": "PAIKSAHI", "district": "BHADRAK", "block": "PAIKSAHI", "village": "CHANDABALI", "shelter": "MCS", "location": "PAIKSAHI", "description": ""}}, {"type": "Feature", "geometry": {"type": "Point", "coordinates": [86.93122589, 20.80589413]}, "properties": {"name": "BIDYUTPRAVANAGAR", "district": "BHADRAK", "block": "BIDYUTPRAVANAGAR", "village": "CHANDABALI", "shelter": "NCRMP-AF", "location": "BIDYUTPRAVANAGAR", "description": ""}}, {"type": "Feature", "geometry": {"type": "Point", "coordinates": [86.923998, 20.816098]}, "properties": {"name": "URAMAL", "district": "BHADRAK", "block": "URAMAL", "village": "CHANDABALI", "shelter": "MCS", "location": "URAMAL", "description": ""}}, {"type": "Feature", "geometry": {"type": "Point", "coordinates": [86.879946, 20.818064]}, "properties": {"name": "JHARKOTI", "district": "BHADRAK", "block": "JHARKOTI", "village": "CHANDABALI", "shelter": "IRCS", "location": "JHARKOTI", "description": ""}}, {"type": "Feature", "geometry": {"type": "Point", "coordinates": [86.944422, 20.818123]}, "properties": {"name": "DASINGHA", "district": "BHADRAK", "block": "DASINGHA", "village": "CHANDABALI", "shelter": "MCS", "location": "DASINGHA", "description": ""}}, {"type": "Feature", "geometry": {"type": "Point", "coordinates": [86.85644, 20.818463]}, "properties": {"name": "HARISHPUR", "district": "BHADRAK", "block": "HARISHPUR", "village": "CHANDABALI", "shelter": "MCS", "location": "HARISHPUR", "description": ""}}, {"type": "Feature", "geometry": {"type": "Point", "coordinates": [86.89448486, 20.81938854]}, "properties": {"name": "NARSINGHPURDIHA", "district": "BHADRAK", "block": "NARSINGHPURDIHA", "village": "CHANDABALI", "shelter": "MCS", "location": "NARSINGHPURDIHA", "description": ""}}, {"type": "Feature", "geometry": {"type": "Point", "coordinates": [86.859843, 20.823033]}, "properties": {"name": "SHAILENDRAPALI", "district": "BHADRAK", "block": "SHAILENDRAPALI", "village": "CHANDABALI", "shelter": "MCS", "location": "SHAILENDRAPALI", "description": ""}}, {"type": "Feature", "geometry": {"type": "Point", "coordinates": [86.942515, 20.826098]}, "properties": {"name": "CHANIPAI", "district": "BHADRAK", "block": "CHANIPAI", "village": "CHANDABALI", "shelter": "NCRMP", "location": "CHANIPAI", "description": ""}}, {"type": "Feature", "geometry": {"type": "Point", "coordinates": [86.658869, 20.834091]}, "properties": {"name": "KOILEKHA", "district": "BHADRAK", "block": "KOILEKHA", "village": "CHANDABALI", "shelter": "MFS(CMRF)", "location": "KOILEKHA", "description": ""}}, {"type": "Feature", "geometry": {"type": "Point", "coordinates": [86.881647, 20.83874]}, "properties": {"name": "GUANIA", "district": "BHADRAK", "block": "GUANIA", "village": "CHANDABALI", "shelter": "IRCS", "location": "GUANIA", "description": ""}}, {"type": "Feature", "geometry": {"type": "Point", "coordinates": [86.942873, 20.840002]}, "properties": {"name": "KRUSHNAPRASAD", "district": "BHADRAK", "block": "KRUSHNAPRASAD", "village": "CHANDABALI", "shelter": "MCS", "location": "KRUSHNAPRASAD", "description": ""}}, {"type": "Feature", "geometry": {"type": "Point", "coordinates": [86.691157, 20.847319]}, "properties": {"name": "KRUSHNAPUR", "district": "BHADRAK", "block": "KRUSHNAPUR", "village": "CHANDABALI", "shelter": "MFS(St.Plan)", "location": "KRUSHNAPUR", "description": ""}}, {"type": "Feature", "geometry": {"type": "Point", "coordinates": [86.842219, 20.848267]}, "properties": {"name": "BADA TILANCHI", "district": "BHADRAK", "block": "BADA TILANCHI", "village": "CHANDABALI", "shelter": "NCRMP-AF", "location": "BADA TILANCHI", "description": ""}}, {"type": "Feature", "geometry": {"type": "Point", "coordinates": [86.722391, 20.850144]}, "properties": {"name": "KARANDIMAL", "district": "BHADRAK", "block": "KARANDIMAL", "village": "CHANDABALI", "shelter": "MFS(St.Plan)", "location": "KARANDIMAL", "description": ""}}, {"type": "Feature", "geometry": {"type": "Point", "coordinates": [86.938364, 20.850262]}, "properties": {"name": "KANAKPRASAD", "district": "BHADRAK", "block": "KANAKPRASAD", "village": "CHANDABALI", "shelter": "NCRMP-AF", "location": "KANAKPRASAD", "description": ""}}, {"type": "Feature", "geometry": {"type": "Point", "coordinates": [86.764315, 20.852801]}, "properties": {"name": "MOTA", "district": "BHADRAK", "block": "MOTA", "village": "CHANDABALI", "shelter": "IRCS", "location": "MOTA", "description": ""}}, {"type": "Feature", "geometry": {"type": "Point", "coordinates": [86.879053, 20.853356]}, "properties": {"name": "GANGADHARPUR", "district": "BHADRAK", "block": "GANGADHARPUR", "village": "CHANDABALI", "shelter": "MCS", "location": "GANGADHARPUR", "description": ""}}, {"type": "Feature", "geometry": {"type": "Point", "coordinates": [86.864748, 20.861014]}, "properties": {"name": "CHHENAK", "district": "BHADRAK", "block": "CHHENAK", "village": "CHANDABALI", "shelter": "NCRMP-AF", "location": "CHHENAK", "description": ""}}, {"type": "Feature", "geometry": {"type": "Point", "coordinates": [86.935831, 20.861046]}, "properties": {"name": "GOURPRASAD", "district": "BHADRAK", "block": "GOURPRASAD", "village": "CHANDABALI", "shelter": "NCRMP-AF", "location": "GOURPRASAD", "description": ""}}, {"type": "Feature", "geometry": {"type": "Point", "coordinates": [86.892046, 20.866427]}, "properties": {"name": "BALIARPUR", "district": "BHADRAK", "block": "BALIARPUR", "village": "CHANDABALI", "shelter": "NCRMP", "location": "BALIARPUR", "description": ""}}, {"type": "Feature", "geometry": {"type": "Point", "coordinates": [86.820872, 20.890925]}, "properties": {"name": "BARAKULA", "district": "BHADRAK", "block": "BARAKULA", "village": "CHANDABALI", "shelter": "NCRMP", "location": "BARAKULA", "description": ""}}, {"type": "Feature", "geometry": {"type": "Point", "coordinates": [86.912363, 20.891175]}, "properties": {"name": "KARANJAMAL", "district": "BHADRAK", "block": "KARANJAMAL", "village": "CHANDABALI", "shelter": "MCS", "location": "KARANJAMAL", "description": ""}}, {"type": "Feature", "geometry": {"type": "Point", "coordinates": [86.849902, 20.891293]}, "properties": {"name": "JANTUALI", "district": "BHADRAK", "block": "JANTUALI", "village": "CHANDABALI", "shelter": "NCRMP", "location": "JANTUALI", "description": ""}}, {"type": "Feature", "geometry": {"type": "Point", "coordinates": [86.86867382, 20.89875787]}, "properties": {"name": "NACHHIPUR", "district": "BHADRAK", "block": "NACHHIPUR", "village": "CHANDABALI", "shelter": "NCRMP", "location": "NACHHIPUR", "description": ""}}, {"type": "Feature", "geometry": {"type": "Point", "coordinates": [86.830965, 20.911577]}, "properties": {"name": "SUNDARIPOKHARI", "district": "BHADRAK", "block": "SUNDARIPOKHARI", "village": "CHANDABALI", "shelter": "NCRMP", "location": "SUNDARIPOKHARI", "description": ""}}, {"type": "Feature", "geometry": {"type": "Point", "coordinates": [86.80279, 20.913252]}, "properties": {"name": "ANKAPARA", "district": "BHADRAK", "block": "ANKAPARA", "village": "CHANDABALI", "shelter": "NCRMP", "location": "ANKAPARA", "description": ""}}, {"type": "Feature", "geometry": {"type": "Point", "coordinates": [86.830408, 20.918272]}, "properties": {"name": "KHODALPOKHARI", "district": "BHADRAK", "block": "KHODALPOKHARI", "village": "CHANDABALI", "shelter": "NCRMP", "location": "KHODALPOKHARI", "description": ""}}, {"type": "Feature", "geometry": {"type": "Point", "coordinates": [86.895731, 20.921368]}, "properties": {"name": "BAINCHA", "district": "BHADRAK", "block": "BAINCHA", "village": "CHANDABALI", "shelter": "IRCS", "location": "BAINCHA", "description": ""}}, {"type": "Feature", "geometry": {"type": "Point", "coordinates": [86.804247, 20.922409]}, "properties": {"name": "BIRIADIHA", "district": "BHADRAK", "block": "BIRIADIHA", "village": "CHANDABALI", "shelter": "NCRMP", "location": "BIRIADIHA", "description": ""}}, {"type": "Feature", "geometry": {"type": "Point", "coordinates": [86.844302, 20.943424]}, "properties": {"name": "KADUANASI", "district": "BHADRAK", "block": "KADUANASI", "village": "CHANDABALI", "shelter": "NCRMP", "location": "KADUANASI", "description": ""}}, {"type": "Feature", "geometry": {"type": "Point", "coordinates": [86.81845028, 20.9511961]}, "properties": {"name": "SENDAGADA", "district": "BHADRAK", "block": "SENDAGADA", "village": "CHANDABALI", "shelter": "IRCS", "location": "SENDAGADA", "description": ""}}, {"type": "Feature", "geometry": {"type": "Point", "coordinates": [86.495608, 20.872132]}, "properties": {"name": "ARJUNPUR", "district": "BHADRAK", "block": "ARJUNPUR", "village": "DHAMANAGAR", "shelter": "MFS(CMRF)", "location": "ARJUNPUR", "description": ""}}, {"type": "Feature", "geometry": {"type": "Point", "coordinates": [86.476755, 20.874182]}, "properties": {"name": "PADHANI", "district": "BHADRAK", "block": "PADHANI", "village": "DHAMANAGAR", "shelter": "MFS(St.Plan)", "location": "PADHANI", "description": ""}}, {"type": "Feature", "geometry": {"type": "Point", "coordinates": [86.555941, 20.909203]}, "properties": {"name": "BAMAKURA", "district": "BHADRAK", "block": "BAMAKURA", "village": "DHAMANAGAR", "shelter": "MFS(CMRF)", "location": "BAMAKURA", "description": ""}}, {"type": "Feature", "geometry": {"type": "Point", "coordinates": [86.50545, 20.919216]}, "properties": {"name": "BAYANGDIHI", "district": "BHADRAK", "block": "BAYANGDIHI", "village": "DHAMANAGAR", "shelter": "MFS(St.Plan)", "location": "BAYANGDIHI", "description": ""}}, {"type": "Feature", "geometry": {"type": "Point", "coordinates": [86.664767, 20.900187]}, "properties": {"name": "TIARISAHI", "district": "BHADRAK", "block": "TIARISAHI", "village": "TIHIDI", "shelter": "MFS(St.Plan)", "location": "TIARISAHI", "description": ""}}, {"type": "Feature", "geometry": {"type": "Point", "coordinates": [86.602267, 20.957739]}, "properties": {"name": "DAHAPANIA", "district": "BHADRAK", "block": "DAHAPANIA", "village": "TIHIDI", "shelter": "MFS(CMRF)", "location": "DAHAPANIA", "description": ""}}, {"type": "Feature", "geometry": {"type": "Point", "coordinates": [86.649889, 21.018942]}, "properties": {"name": "SAYA", "district": "BHADRAK", "block": "SAYA", "village": "TIHIDI", "shelter": "MFS(CMRF)", "location": "SAYA", "description": ""}}, {"type": "Feature", "geometry": {"type": "Point", "coordinates": [84.114222, 20.806212]}, "properties": {"name": "BAHIRA", "district": "BOUDH", "block": "BAHIRA", "village": "BOUDH", "shelter": "MFS(CMRF)", "location": "BAHIRA", "description": ""}}, {"type": "Feature", "geometry": {"type": "Point", "coordinates": [84.588946, 20.616453]}, "properties": {"name": "DARMANAGAR", "district": "BOUDH", "block": "DARMANAGAR", "village": "HARBHABNGA", "shelter": "MFS(CMRF)", "location": "DARMANAGAR", "description": ""}}, {"type": "Feature", "geometry": {"type": "Point", "coordinates": [83.666842, 20.549036]}, "properties": {"name": "GHANTAPARHA", "district": "BOUDH", "block": "GHANTAPARHA", "village": "KANTAMAL", "shelter": "MFS(CMRF)", "location": "GHANTAPARHA", "description": ""}}, {"type": "Feature", "geometry": {"type": "Point", "coordinates": [83.763316, 20.643896]}, "properties": {"name": "GARHIAJOR", "district": "BOUDH", "block": "GARHIAJOR", "village": "KANTAMAL", "shelter": "MFS(CMRF)", "location": "GARHIAJOR", "description": ""}}, {"type": "Feature", "geometry": {"type": "Point", "coordinates": [85.724238, 20.461373]}, "properties": {"name": "PATENIGAN", "district": "CUTTACK", "block": "PATENIGAN", "village": "ATHAGARH", "shelter": "MFS(CMRF)", "location": "PATENIGAN", "description": ""}}, {"type": "Feature", "geometry": {"type": "Point", "coordinates": [85.684183, 20.511534]}, "properties": {"name": "DAHISARA", "district": "CUTTACK", "block": "DAHISARA", "village": "ATHAGARH", "shelter": "MFS(CMRF)", "location": "DAHISARA", "description": ""}}, {"type": "Feature", "geometry": {"type": "Point", "coordinates": [85.275706, 20.376045]}, "properties": {"name": "SASANGA", "district": "CUTTACK", "block": "SASANGA", "village": "BADAMBA", "shelter": "MFS(CMRF)", "location": "SASANGA", "description": ""}}, {"type": "Feature", "geometry": {"type": "Point", "coordinates": [85.339014, 20.379151]}, "properties": {"name": "SHANKHAMERI", "district": "CUTTACK", "block": "SHANKHAMERI", "village": "BADAMBA", "shelter": "MCS(CMRF)", "location": "SHANKHAMERI", "description": ""}}, {"type": "Feature", "geometry": {"type": "Point", "coordinates": [85.370402, 20.384087]}, "properties": {"name": "GOPINATHAPUR", "district": "CUTTACK", "block": "GOPINATHAPUR", "village": "BADAMBA", "shelter": "MFS(CMRF)", "location": "GOPINATHAPUR", "description": ""}}, {"type": "Feature", "geometry": {"type": "Point", "coordinates": [85.450121, 20.387659]}, "properties": {"name": "BENGERISINGHA", "district": "CUTTACK", "block": "BENGERISINGHA", "village": "BADAMBA", "shelter": "MFS(CMRF)", "location": "BENGERISINGHA", "description": ""}}, {"type": "Feature", "geometry": {"type": "Point", "coordinates": [85.462138, 20.353117]}, "properties": {"name": "BAIGANI", "district": "CUTTACK", "block": "BAIGANI", "village": "BANKI", "shelter": "MFS(CMRF)", "location": "BAIGANI", "description": ""}}, {"type": "Feature", "geometry": {"type": "Point", "coordinates": [85.522547, 20.411749]}, "properties": {"name": "BANDALO", "district": "CUTTACK", "block": "BANDALO", "village": "BANKI", "shelter": "MFS(CMRF)", "location": "BANDALO", "description": ""}}, {"type": "Feature", "geometry": {"type": "Point", "coordinates": [85.513964, 20.412138]}, "properties": {"name": "SANTHIPALA", "district": "CUTTACK", "block": "SANTHIPALA", "village": "BANKI", "shelter": "MFS(CMRF)", "location": "SANTHIPALA", "description": ""}}, {"type": "Feature", "geometry": {"type": "Point", "coordinates": [85.944941, 20.423298]}, "properties": {"name": "JHARKATA", "district": "CUTTACK", "block": "JHARKATA", "village": "CUTTACK SADAR", "shelter": "MFS(CMRF)", "location": "JHARKATA", "description": ""}}, {"type": "Feature", "geometry": {"type": "Point", "coordinates": [85.565829, 20.368342]}, "properties": {"name": "PAKHARAKHALA", "district": "CUTTACK", "block": "PAKHARAKHALA", "village": "DAMPARA", "shelter": "MCS(CMRF)", "location": "PAKHARAKHALA", "description": ""}}, {"type": "Feature", "geometry": {"type": "Point", "coordinates": [85.616953, 20.389067]}, "properties": {"name": "DAMAPARHAGARH", "district": "CUTTACK", "block": "DAMAPARHAGARH", "village": "DAMPARA", "shelter": "MFS(CMRF)", "location": "DAMAPARHAGARH", "description": ""}}, {"type": "Feature", "geometry": {"type": "Point", "coordinates": [86.055376, 20.230883]}, "properties": {"name": "BAHABAJA", "district": "CUTTACK", "block": "BAHABAJA", "village": "KANTAPARA", "shelter": "MFS(CMRF)", "location": "BAHABAJA", "description": ""}}, {"type": "Feature", "geometry": {"type": "Point", "coordinates": [86.185137, 20.615412]}, "properties": {"name": "MULBASANTA", "district": "CUTTACK", "block": "MULBASANTA", "village": "MAHANGA", "shelter": "MFS(CMRF)", "location": "MULBASANTA", "description": ""}}, {"type": "Feature", "geometry": {"type": "Point", "coordinates": [86.192026, 20.653967]}, "properties": {"name": "MAHIPUR", "district": "CUTTACK", "block": "MAHIPUR", "village": "MAHANGA", "shelter": "MFS(CMRF)", "location": "MAHIPUR", "description": ""}}, {"type": "Feature", "geometry": {"type": "Point", "coordinates": [85.125094, 20.413037]}, "properties": {"name": "EKADALA", "district": "CUTTACK", "block": "EKADALA", "village": "NARSINGHPUR", "shelter": "MFS(CMRF)", "location": "EKADALA", "description": ""}}, {"type": "Feature", "geometry": {"type": "Point", "coordinates": [86.156855, 20.04393]}, "properties": {"name": "SUHAGPUR", "district": "CUTTACK", "block": "SUHAGPUR", "village": "NIALI", "shelter": "MFS(St.Plan)", "location": "SUHAGPUR", "description": ""}}, {"type": "Feature", "geometry": {"type": "Point", "coordinates": [86.137247, 20.098061]}, "properties": {"name": "KARANGA", "district": "CUTTACK", "block": "KARANGA", "village": "NIALI", "shelter": "MFS(CMRF)", "location": "KARANGA", "description": ""}}, {"type": "Feature", "geometry": {"type": "Point", "coordinates": [86.132037, 20.198441]}, "properties": {"name": "EKBERUAN", "district": "CUTTACK", "block": "EKBERUAN", "village": "NIALI", "shelter": "MCS(CMRF)", "location": "EKBERUAN", "description": ""}}, {"type": "Feature", "geometry": {"type": "Point", "coordinates": [86.073496, 20.211005]}, "properties": {"name": "KARSADA", "district": "CUTTACK", "block": "KARSADA", "village": "NIALI", "shelter": "MFS(CMRF)", "location": "KARSADA", "description": ""}}, {"type": "Feature", "geometry": {"type": "Point", "coordinates": [86.066866, 20.239285]}, "properties": {"name": "ERANCH", "district": "CUTTACK", "block": "ERANCH", "village": "NIALI", "shelter": "MFS(CMRF)", "location": "ERANCH", "description": ""}}, {"type": "Feature", "geometry": {"type": "Point", "coordinates": [86.168674, 20.391029]}, "properties": {"name": "BRAHMANAKHANDA", "district": "CUTTACK", "block": "BRAHMANAKHANDA", "village": "NISCHITANTAKOIL", "shelter": "MFS(CMRF)", "location": "BRAHMANAKHANDA", "description": ""}}, {"type": "Feature", "geometry": {"type": "Point", "coordinates": [86.238497, 20.409575]}, "properties": {"name": "DAUDPUR", "district": "CUTTACK", "block": "DAUDPUR", "village": "NISCHITANTAKOIL", "shelter": "MFS(CMRF)", "location": "DAUDPUR", "description": ""}}, {"type": "Feature", "geometry": {"type": "Point", "coordinates": [86.199023, 20.409731]}, "properties": {"name": "NAGASAPUR", "district": "CUTTACK", "block": "NAGASAPUR", "village": "NISCHITANTAKOIL", "shelter": "MFS(CMRF)", "location": "NAGASAPUR", "description": ""}}, {"type": "Feature", "geometry": {"type": "Point", "coordinates": [85.843371, 20.512779]}, "properties": {"name": "KOILAPARA", "district": "CUTTACK", "block": "KOILAPARA", "village": "TANGI CHOUDWAR", "shelter": "MFS(CMRF)", "location": "KOILAPARA", "description": ""}}, {"type": "Feature", "geometry": {"type": "Point", "coordinates": [85.531275, 20.415953]}, "properties": {"name": "NAUPUT", "district": "CUTTACK", "block": "NAUPUT", "village": "TIGIRIA", "shelter": "MFS(CMRF)", "location": "NAUPUT", "description": ""}}, {"type": "Feature", "geometry": {"type": "Point", "coordinates": [85.492312, 20.423115]}, "properties": {"name": "GODADHARAPUR", "district": "CUTTACK", "block": "GODADHARAPUR", "village": "TIGIRIA", "shelter": "MCS(CMRF)", "location": "GODADHARAPUR", "description": ""}}, {"type": "Feature", "geometry": {"type": "Point", "coordinates": [85.784739, 20.889088]}, "properties": {"name": "ASURBANDHA", "district": "DHENKANAL", "block": "ASURBANDHA", "village": "BHUBAN", "shelter": "MFS(CMRF)", "location": "ASURBANDHA", "description": ""}}, {"type": "Feature", "geometry": {"type": "Point", "coordinates": [85.933291, 20.821223]}, "properties": {"name": "NUAGARHA", "district": "DHENKANAL", "block": "NUAGARHA", "village": "GANDIA", "shelter": "MFS(CMRF)", "location": "NUAGARHA", "description": ""}}, {"type": "Feature", "geometry": {"type": "Point", "coordinates": [85.901934, 20.823942]}, "properties": {"name": "LAHARHA", "district": "DHENKANAL", "block": "LAHARHA", "village": "GANDIA", "shelter": "MFS(CMRF)", "location": "LAHARHA", "description": ""}}, {"type": "Feature", "geometry": {"type": "Point", "coordinates": [85.606966, 20.831972]}, "properties": {"name": "BUDHIBILI", "district": "DHENKANAL", "block": "BUDHIBILI", "village": "KAMAKHYANAGAR", "shelter": "MFS(CMRF)", "location": "BUDHIBILI", "description": ""}}, {"type": "Feature", "geometry": {"type": "Point", "coordinates": [85.569933, 21.072546]}, "properties": {"name": "KANKARHAHARH", "district": "DHENKANAL", "block": "KANKARHAHARH", "village": "KANKADAHAD", "shelter": "MFS(CMRF)", "location": "KANKARHAHARH", "description": ""}}, {"type": "Feature", "geometry": {"type": "Point", "coordinates": [85.314959, 20.821259]}, "properties": {"name": "KHARAGAPRASAD", "district": "DHENKANAL", "block": "KHARAGAPRASAD", "village": "ODAPADA", "shelter": "MFS(CMRF)", "location": "KHARAGAPRASAD", "description": ""}}, {"type": "Feature", "geometry": {"type": "Point", "coordinates": [85.375292, 20.80661]}, "properties": {"name": "RANIGENGUTIA", "district": "DHENKANAL", "block": "RANIGENGUTIA", "village": "PARAJANG", "shelter": "MFS(CMRF)", "location": "RANIGENGUTIA", "description": ""}}, {"type": "Feature", "geometry": {"type": "Point", "coordinates": [83.873675, 18.890261]}, "properties": {"name": "LAKSHMIPURANA", "district": "GAJAPATI", "block": "LAKSHMIPURANA", "village": "KASINAGAR", "shelter": "MFS(CMRF)", "location": "LAKSHMIPURANA", "description": ""}}, {"type": "Feature", "geometry": {"type": "Point", "coordinates": [84.017596, 18.893152]}, "properties": {"name": "PARTADA", "district": "GAJAPATI", "block": "PARTADA", "village": "KASINAGAR", "shelter": "MFS(CMRF)", "location": "PARTADA", "description": ""}}, {"type": "Feature", "geometry": {"type": "Point", "coordinates": [83.813601, 18.987513]}, "properties": {"name": "SARA", "district": "GAJAPATI", "block": "SARA", "village": "KASINAGAR", "shelter": "MFS(CMRF)", "location": "SARA", "description": ""}}, {"type": "Feature", "geometry": {"type": "Point", "coordinates": [84.651926, 19.672564]}, "properties": {"name": "JAGADALPUR", "district": "GANJAM", "block": "JAGADALPUR", "village": "ASKA", "shelter": "MFS(CMRF)", "location": "JAGADALPUR", "description": ""}}, {"type": "Feature", "geometry": {"type": "Point", "coordinates": [84.659052, 19.681029]}, "properties": {"name": "MAHARAJAPUR", "district": "GANJAM", "block": "MAHARAJAPUR", "village": "ASKA", "shelter": "MFS(St.Plan)", "location": "MAHARAJAPUR", "description": ""}}, {"type": "Feature", "geometry": {"type": "Point", "coordinates": [84.621836, 19.873225]}, "properties": {"name": "MANDAR", "district": "GANJAM", "block": "MANDAR", "village": "BELAGUNTHA", "shelter": "MFS(St.Plan)", "location": "MANDAR", "description": ""}}, {"type": "Feature", "geometry": {"type": "Point", "coordinates": [84.616228, 20.046074]}, "properties": {"name": "TURUMU", "district": "GANJAM", "block": "TURUMU", "village": "BHANJANAGAR", "shelter": "MFS(St.Plan)", "location": "TURUMU", "description": ""}}, {"type": "Feature", "geometry": {"type": "Point", "coordinates": [84.791827, 19.816075]}, "properties": {"name": "KRUSHNASHARANAPUR", "district": "GANJAM", "block": "KRUSHNASHARANAPUR", "village": "BUGUDA", "shelter": "MFS(St.Plan)", "location": "KRUSHNASHARANAPUR", "description": ""}}, {"type": "Feature", "geometry": {"type": "Point", "coordinates": [84.91092618, 19.26400458]}, "properties": {"name": "BANDARA", "district": "GANJAM", "block": "BANDARA", "village": "CHATRAPUR", "shelter": "NCRMP", "location": "BANDARA", "description": ""}}, {"type": "Feature", "geometry": {"type": "Point", "coordinates": [84.91009394, 19.28182759]}, "properties": {"name": "UPALAPUTI", "district": "GANJAM", "block": "UPALAPUTI", "village": "CHATRAPUR", "shelter": "MCS", "location": "UPALAPUTI", "description": ""}}, {"type": "Feature", "geometry": {"type": "Point", "coordinates": [84.9488716, 19.3137106]}, "properties": {"name": "MATIKHAL", "district": "GANJAM", "block": "MATIKHAL", "village": "CHATRAPUR", "shelter": "MCS", "location": "MATIKHAL", "description": ""}}, {"type": "Feature", "geometry": {"type": "Point", "coordinates": [84.97335072, 19.31463507]}, "properties": {"name": "BARHA ARYAPALLI", "district": "GANJAM", "block": "BARHA ARYAPALLI", "village": "CHATRAPUR", "shelter": "MCS", "location": "BARHA ARYAPALLI", "description": ""}}, {"type": "Feature", "geometry": {"type": "Point", "coordinates": [84.98057001, 19.31970899]}, "properties": {"name": "SANA ARYAPALLI", "district": "GANJAM", "block": "SANA ARYAPALLI", "village": "CHATRAPUR", "shelter": "NCRMP", "location": "SANA ARYAPALLI", "description": ""}}, {"type": "Feature", "geometry": {"type": "Point", "coordinates": [84.9621851, 19.32074642]}, "properties": {"name": "KANAMANA", "district": "GANJAM", "block": "KANAMANA", "village": "CHATRAPUR", "shelter": "MCS", "location": "KANAMANA", "description": ""}}, {"type": "Feature", "geometry": {"type": "Point", "coordinates": [85.03978474, 19.3551534]}, "properties": {"name": "NALIYANUAGAN", "district": "GANJAM", "block": "NALIYANUAGAN", "village": "CHATRAPUR", "shelter": "MCS", "location": "NALIYANUAGAN", "description": ""}}, {"type": "Feature", "geometry": {"type": "Point", "coordinates": [84.91560397, 19.35887761]}, "properties": {"name": "KARAPALLI", "district": "GANJAM", "block": "KARAPALLI", "village": "CHATRAPUR", "shelter": "NCRMP-AF", "location": "KARAPALLI", "description": ""}}, {"type": "Feature", "geometry": {"type": "Point", "coordinates": [85.03323794, 19.37161721]}, "properties": {"name": "AGASTINUAGAN", "district": "GANJAM", "block": "AGASTINUAGAN", "village": "CHATRAPUR", "shelter": "MCS", "location": "AGASTINUAGAN", "description": ""}}, {"type": "Feature", "geometry": {"type": "Point", "coordinates": [84.949396, 19.484961]}, "properties": {"name": "GOBA", "district": "GANJAM", "block": "GOBA", "village": "CHATRAPUR", "shelter": "MFS(St.Plan)", "location": "GOBA", "description": ""}}, {"type": "Feature", "geometry": {"type": "Point", "coordinates": [84.76682399, 19.08921104]}, "properties": {"name": "PATISUNAPUR", "district": "GANJAM", "block": "PATISUNAPUR", "village": "CHIKITI", "shelter": "NCRMP", "location": "PATISUNAPUR", "description": ""}}, {"type": "Feature", "geometry": {"type": "Point", "coordinates": [84.77434481, 19.12253413]}, "properties": {"name": "SUNAPUR", "district": "GANJAM", "block": "SUNAPUR", "village": "CHIKITI", "shelter": "IRCS", "location": "SUNAPUR", "description": ""}}, {"type": "Feature", "geometry": {"type": "Point", "coordinates": [84.78156528, 19.1364854]}, "properties": {"name": "ALARAPUR", "district": "GANJAM", "block": "ALARAPUR", "village": "CHIKITI", "shelter": "MCS(CMRF)", "location": "ALARAPUR", "description": ""}}, {"type": "Feature", "geometry": {"type": "Point", "coordinates": [84.78507227, 19.14250723]}, "properties": {"name": "CHANDANABARHA", "district": "GANJAM", "block": "CHANDANABARHA", "village": "CHIKITI", "shelter": "MCS", "location": "CHANDANABARHA", "description": ""}}, {"type": "Feature", "geometry": {"type": "Point", "coordinates": [84.75407129, 19.15443817]}, "properties": {"name": "GOBINDAPUR", "district": "GANJAM", "block": "GOBINDAPUR", "village": "CHIKITI", "shelter": "MCS(CMRF)", "location": "GOBINDAPUR", "description": ""}}, {"type": "Feature", "geometry": {"type": "Point", "coordinates": [84.589419, 19.1642]}, "properties": {"name": "NUA MAISANAPUR", "district": "GANJAM", "block": "NUA MAISANAPUR", "village": "CHIKITI", "shelter": "MFS(St.Plan)", "location": "NUA MAISANAPUR", "description": ""}}, {"type": "Feature", "geometry": {"type": "Point", "coordinates": [84.79953579, 19.16213342]}, "properties": {"name": "EKASING", "district": "GANJAM", "block": "EKASING", "village": "CHIKITI", "shelter": "NCRMP", "location": "EKASING", "description": ""}}, {"type": "Feature", "geometry": {"type": "Point", "coordinates": [84.590266, 19.173413]}, "properties": {"name": "PURUNA MAISANAPUR", "district": "GANJAM", "block": "PURUNA MAISANAPUR", "village": "CHIKITI", "shelter": "MFS(St.Plan)", "location": "PURUNA MAISANAPUR", "description": ""}}, {"type": "Feature", "geometry": {"type": "Point", "coordinates": [84.534365, 19.233637]}, "properties": {"name": "DHANARASHI", "district": "GANJAM", "block": "DHANARASHI", "village": "DIGAPAHANDI", "shelter": "MFS(St.Plan)", "location": "DHANARASHI", "description": ""}}, {"type": "Feature", "geometry": {"type": "Point", "coordinates": [84.515398, 19.237391]}, "properties": {"name": "NUAPARHA", "district": "GANJAM", "block": "NUAPARHA", "village": "DIGAPAHANDI", "shelter": "MFS(St.Plan)", "location": "NUAPARHA", "description": ""}}, {"type": "Feature", "geometry": {"type": "Point", "coordinates": [84.475443, 19.309744]}, "properties": {"name": "GOLANDA", "district": "GANJAM", "block": "GOLANDA", "village": "DIGAPAHANDI", "shelter": "MFS(St.Plan)", "location": "GOLANDA", "description": ""}}, {"type": "Feature", "geometry": {"type": "Point", "coordinates": [84.470705, 19.385927]}, "properties": {"name": "BHISMAGIRI", "district": "GANJAM", "block": "BHISMAGIRI", "village": "DIGAPAHANDI", "shelter": "MFS(St.Plan)", "location": "BHISMAGIRI", "description": ""}}, {"type": "Feature", "geometry": {"type": "Point", "coordinates": [85.07126024, 19.3825333]}, "properties": {"name": "PURANABANDH", "district": "GANJAM", "block": "PURANABANDH", "village": "GANJAM", "shelter": "MCS", "location": "PURANABANDH", "description": ""}}, {"type": "Feature", "geometry": {"type": "Point", "coordinates": [85.06409194, 19.3868876]}, "properties": {"name": "BINCHANPALLI", "district": "GANJAM", "block": "BINCHANPALLI", "village": "GANJAM", "shelter": "CMRF", "location": "BINCHANPALLI", "description": ""}}, {"type": "Feature", "geometry": {"type": "Point", "coordinates": [85.01898027, 19.39158167]}, "properties": {"name": "NILADRIPURAM", "district": "GANJAM", "block": "NILADRIPURAM", "village": "GANJAM", "shelter": "NCRMP", "location": "NILADRIPURAM", "description": ""}}, {"type": "Feature", "geometry": {"type": "Point", "coordinates": [85.08307344, 19.3941945]}, "properties": {"name": "GOKHURKUDA", "district": "GANJAM", "block": "GOKHURKUDA", "village": "GANJAM", "shelter": "MCS", "location": "GOKHURKUDA", "description": ""}}, {"type": "Feature", "geometry": {"type": "Point", "coordinates": [85.00263913, 19.39759027]}, "properties": {"name": "RAJPUR", "district": "GANJAM", "block": "RAJPUR", "village": "GANJAM", "shelter": "NCRMP", "location": "RAJPUR", "description": ""}}, {"type": "Feature", "geometry": {"type": "Point", "coordinates": [85.03874886, 19.39713547]}, "properties": {"name": "KALAYANPUR", "district": "GANJAM", "block": "KALAYANPUR", "village": "GANJAM", "shelter": "MCS(CMRF)", "location": "KALAYANPUR", "description": ""}}, {"type": "Feature", "geometry": {"type": "Point", "coordinates": [85.02140412, 19.4040724]}, "properties": {"name": "ALYABAD", "district": "GANJAM", "block": "ALYABAD", "village": "GANJAM", "shelter": "MFS(St.Plan)", "location": "ALYABAD", "description": ""}}, {"type": "Feature", "geometry": {"type": "Point", "coordinates": [85.01616926, 19.40561485]}, "properties": {"name": "KARPARA", "district": "GANJAM", "block": "KARPARA", "village": "GANJAM", "shelter": "MFS(CMRF)", "location": "KARPARA", "description": ""}}, {"type": "Feature", "geometry": {"type": "Point", "coordinates": [85.09813639, 19.41689625]}, "properties": {"name": "KANTIAGAR", "district": "GANJAM", "block": "KANTIAGAR", "village": "GANJAM", "shelter": "MCS", "location": "KANTIAGAR", "description": ""}}, {"type": "Feature", "geometry": {"type": "Point", "coordinates": [85.03530017, 19.41841676]}, "properties": {"name": "JAGANNATHPUR", "district": "GANJAM", "block": "JAGANNATHPUR", "village": "GANJAM", "shelter": "MCS(CMRF)", "location": "JAGANNATHPUR", "description": ""}}, {"type": "Feature", "geometry": {"type": "Point", "coordinates": [85.07154498, 19.4390671]}, "properties": {"name": "HUMMA", "district": "GANJAM", "block": "HUMMA", "village": "GANJAM", "shelter": "NCRMP-AF", "location": "HUMMA", "description": ""}}, {"type": "Feature", "geometry": {"type": "Point", "coordinates": [85.04456848, 19.4304622]}, "properties": {"name": "LUNGURI", "district": "GANJAM", "block": "LUNGURI", "village": "GANJAM", "shelter": "NCRMP", "location": "LUNGURI", "description": ""}}, {"type": "Feature", "geometry": {"type": "Point", "coordinates": [85.000758, 19.434267]}, "properties": {"name": "BARADA", "district": "GANJAM", "block": "BARADA", "village": "GANJAM", "shelter": "MFS(St.Plan)", "location": "BARADA", "description": ""}}, {"type": "Feature", "geometry": {"type": "Point", "coordinates": [85.0558376, 19.43546967]}, "properties": {"name": "BARIGAN", "district": "GANJAM", "block": "BARIGAN", "village": "GANJAM", "shelter": "NCRMP", "location": "BARIGAN", "description": ""}}, {"type": "Feature", "geometry": {"type": "Point", "coordinates": [85.10413045, 19.43900336]}, "properties": {"name": "JHATIPADAR", "district": "GANJAM", "block": "JHATIPADAR", "village": "GANJAM", "shelter": "NCRMP", "location": "JHATIPADAR", "description": ""}}, {"type": "Feature", "geometry": {"type": "Point", "coordinates": [85.09490106, 19.44092847]}, "properties": {"name": "RAGHUNATHPUR", "district": "GANJAM", "block": "RAGHUNATHPUR", "village": "GANJAM", "shelter": "MFS(St.Plan)", "location": "RAGHUNATHPUR", "description": ""}}, {"type": "Feature", "geometry": {"type": "Point", "coordinates": [85.08016704, 19.44630681]}, "properties": {"name": "BELPARA", "district": "GANJAM", "block": "BELPARA", "village": "GANJAM", "shelter": "MCS(CMRF)", "location": "BELPARA", "description": ""}}, {"type": "Feature", "geometry": {"type": "Point", "coordinates": [85.12779374, 19.45377066]}, "properties": {"name": "ARUNPUR", "district": "GANJAM", "block": "ARUNPUR", "village": "GANJAM", "shelter": "MCS", "location": "ARUNPUR", "description": ""}}, {"type": "Feature", "geometry": {"type": "Point", "coordinates": [85.010195, 19.467121]}, "properties": {"name": "SANTOSHPUR", "district": "GANJAM", "block": "SANTOSHPUR", "village": "GANJAM", "shelter": "MFS(St.Plan)", "location": "SANTOSHPUR", "description": ""}}, {"type": "Feature", "geometry": {"type": "Point", "coordinates": [85.06359397, 19.45588701]}, "properties": {"name": "SHATRUSHOL", "district": "GANJAM", "block": "SHATRUSHOL", "village": "GANJAM", "shelter": "NCRMP-AF", "location": "SHATRUSHOL", "description": ""}}, {"type": "Feature", "geometry": {"type": "Point", "coordinates": [85.160212, 19.470898]}, "properties": {"name": "PROYAGI", "district": "GANJAM", "block": "PROYAGI", "village": "GANJAM", "shelter": "MCS", "location": "PROYAGI", "description": ""}}, {"type": "Feature", "geometry": {"type": "Point", "coordinates": [85.09469177, 19.47352589]}, "properties": {"name": "MATH MAKUNDAPUR", "district": "GANJAM", "block": "MATH MAKUNDAPUR", "village": "GANJAM", "shelter": "MCS(CMRF)", "location": "MATH MAKUNDAPUR", "description": ""}}, {"type": "Feature", "geometry": {"type": "Point", "coordinates": [85.1196339, 19.47393142]}, "properties": {"name": "BINCHANAPALLI", "district": "GANJAM", "block": "BINCHANAPALLI", "village": "GANJAM", "shelter": "NCRMP-AF", "location": "BINCHANAPALLI", "description": ""}}, {"type": "Feature", "geometry": {"type": "Point", "coordinates": [85.02970314, 19.47583509]}, "properties": {"name": "SATULI", "district": "GANJAM", "block": "SATULI", "village": "GANJAM", "shelter": "NCRMP", "location": "SATULI", "description": ""}}, {"type": "Feature", "geometry": {"type": "Point", "coordinates": [85.06916728, 19.48532623]}, "properties": {"name": "BAHARAPALLI", "district": "GANJAM", "block": "BAHARAPALLI", "village": "GANJAM", "shelter": "NCRMP-AF", "location": "BAHARAPALLI", "description": ""}}, {"type": "Feature", "geometry": {"type": "Point", "coordinates": [85.02899202, 19.50820313]}, "properties": {"name": "POLLANGO", "district": "GANJAM", "block": "POLLANGO", "village": "GANJAM", "shelter": "NCRMP-AF", "location": "POLLANGO", "description": ""}}, {"type": "Feature", "geometry": {"type": "Point", "coordinates": [84.801562, 19.475653]}, "properties": {"name": "RALABA", "district": "GANJAM", "block": "RALABA", "village": "HINJILIKUT", "shelter": "MFS(CMRF)", "location": "RALABA", "description": ""}}, {"type": "Feature", "geometry": {"type": "Point", "coordinates": [84.797167, 19.490952]}, "properties": {"name": "ALIPUR", "district": "GANJAM", "block": "ALIPUR", "village": "HINJILIKUT", "shelter": "MFS(St.Plan)", "location": "ALIPUR", "description": ""}}, {"type": "Feature", "geometry": {"type": "Point", "coordinates": [84.715182, 19.494467]}, "properties": {"name": "BURUPARHA", "district": "GANJAM", "block": "BURUPARHA", "village": "HINJILIKUT", "shelter": "MCS(CMRF)", "location": "BURUPARHA", "description": ""}}, {"type": "Feature", "geometry": {"type": "Point", "coordinates": [84.76282, 19.498959]}, "properties": {"name": "KHARIRHA", "district": "GANJAM", "block": "KHARIRHA", "village": "HINJILIKUT", "shelter": "MFS(St.Plan)", "location": "KHARIRHA", "description": ""}}, {"type": "Feature", "geometry": {"type": "Point", "coordinates": [84.736536, 19.503681]}, "properties": {"name": "KODRA", "district": "GANJAM", "block": "KODRA", "village": "HINJILIKUT", "shelter": "MFS(St.Plan)", "location": "KODRA", "description": ""}}, {"type": "Feature", "geometry": {"type": "Point", "coordinates": [85.010798, 19.53464]}, "properties": {"name": "MUKUNDAPUR", "district": "GANJAM", "block": "MUKUNDAPUR", "village": "KHALLIKOTE", "shelter": "NCRMP-AF", "location": "MUKUNDAPUR", "description": ""}}, {"type": "Feature", "geometry": {"type": "Point", "coordinates": [85.09707218, 19.53850558]}, "properties": {"name": "SABILIA", "district": "GANJAM", "block": "SABILIA", "village": "KHALLIKOTE", "shelter": "NCRMP", "location": "SABILIA", "description": ""}}, {"type": "Feature", "geometry": {"type": "Point", "coordinates": [85.06182828, 19.5360592]}, "properties": {"name": "BADOPALLI", "district": "GANJAM", "block": "BADOPALLI", "village": "KHALLIKOTE", "shelter": "NCRMP-AF", "location": "BADOPALLI", "description": ""}}, {"type": "Feature", "geometry": {"type": "Point", "coordinates": [85.10354187, 19.54997621]}, "properties": {"name": "BABARAPALLI", "district": "GANJAM", "block": "BABARAPALLI", "village": "KHALLIKOTE", "shelter": "NCRMP-AF", "location": "BABARAPALLI", "description": ""}}, {"type": "Feature", "geometry": {"type": "Point", "coordinates": [85.014513, 19.556526]}, "properties": {"name": "BANIA", "district": "GANJAM", "block": "BANIA", "village": "KHALLIKOTE", "shelter": "NCRMP-AF", "location": "BANIA", "description": ""}}, {"type": "Feature", "geometry": {"type": "Point", "coordinates": [85.11523283, 19.56437277]}, "properties": {"name": "KONOKA", "district": "GANJAM", "block": "KONOKA", "village": "KHALLIKOTE", "shelter": "NCRMP-AF", "location": "KONOKA", "description": ""}}, {"type": "Feature", "geometry": {"type": "Point", "coordinates": [85.13978311, 19.57008035]}, "properties": {"name": "SOMALA", "district": "GANJAM", "block": "SOMALA", "village": "KHALLIKOTE", "shelter": "ICZMP", "location": "SOMALA", "description": ""}}, {"type": "Feature", "geometry": {"type": "Point", "coordinates": [85.08974903, 19.57213019]}, "properties": {"name": "DHIMIRIYA", "district": "GANJAM", "block": "DHIMIRIYA", "village": "KHALLIKOTE", "shelter": "NCRMP-AF", "location": "DHIMIRIYA", "description": ""}}, {"type": "Feature", "geometry": {"type": "Point", "coordinates": [85.08618427, 19.58097625]}, "properties": {"name": "PALODHUAPALLI", "district": "GANJAM", "block": "PALODHUAPALLI", "village": "KHALLIKOTE", "shelter": "NCRMP-AF", "location": "PALODHUAPALLI", "description": ""}}, {"type": "Feature", "geometry": {"type": "Point", "coordinates": [85.03545418, 19.61524823]}, "properties": {"name": "BHARAMPUR", "district": "GANJAM", "block": "BHARAMPUR", "village": "KHALLIKOTE", "shelter": "NCRMP-AF", "location": "BHARAMPUR", "description": ""}}, {"type": "Feature", "geometry": {"type": "Point", "coordinates": [85.06872209, 19.62870415]}, "properties": {"name": "TULSIPUR", "district": "GANJAM", "block": "TULSIPUR", "village": "KHALLIKOTE", "shelter": "NCRMP-AF", "location": "TULSIPUR", "description": ""}}, {"type": "Feature", "geometry": {"type": "Point", "coordinates": [85.0814602, 19.66430366]}, "properties": {"name": "MANAPALLI", "district": "GANJAM", "block": "MANAPALLI", "village": "KHALLIKOTE", "shelter": "NCRMP-AF", "location": "MANAPALLI", "description": ""}}, {"type": "Feature", "geometry": {"type": "Point", "coordinates": [85.130648, 19.705687]}, "properties": {"name": "KUMARSINGI", "district": "GANJAM", "block": "KUMARSINGI", "village": "KHALLIKOTE", "shelter": "NCRMP-AF", "location": "KUMARSINGI", "description": ""}}, {"type": "Feature", "geometry": {"type": "Point", "coordinates": [85.03620761, 19.6537086]}, "properties": {"name": "NUAPALLI", "district": "GANJAM", "block": "NUAPALLI", "village": "KODALA", "shelter": "NCRMP-AF", "location": "NUAPALLI", "description": ""}}, {"type": "Feature", "geometry": {"type": "Point", "coordinates": [84.744387, 19.657988]}, "properties": {"name": "TENTULIA", "district": "GANJAM", "block": "TENTULIA", "village": "KODALA", "shelter": "MFS(St.Plan)", "location": "TENTULIA", "description": ""}}, {"type": "Feature", "geometry": {"type": "Point", "coordinates": [84.917666, 19.433945]}, "properties": {"name": "SUNATHARA", "district": "GANJAM", "block": "SUNATHARA", "village": "PURUSHOTTAMPUR", "shelter": "MFS(St.Plan)", "location": "SUNATHARA", "description": ""}}, {"type": "Feature", "geometry": {"type": "Point", "coordinates": [84.905459, 19.490534]}, "properties": {"name": "COBINDAPUR", "district": "GANJAM", "block": "COBINDAPUR", "village": "PURUSHOTTAMPUR", "shelter": "MCS(CMRF)", "location": "COBINDAPUR", "description": ""}}, {"type": "Feature", "geometry": {"type": "Point", "coordinates": [84.932169, 19.491583]}, "properties": {"name": "PRATAPUR", "district": "GANJAM", "block": "PRATAPUR", "village": "PURUSHOTTAMPUR", "shelter": "MCS(CMRF)", "location": "PRATAPUR", "description": ""}}, {"type": "Feature", "geometry": {"type": "Point", "coordinates": [84.952547, 19.494927]}, "properties": {"name": "BALIA", "district": "GANJAM", "block": "BALIA", "village": "PURUSHOTTAMPUR", "shelter": "MFS(St.Plan)", "location": "BALIA", "description": ""}}, {"type": "Feature", "geometry": {"type": "Point", "coordinates": [84.811556, 19.49993]}, "properties": {"name": "ANTIRIGAN", "district": "GANJAM", "block": "ANTIRIGAN", "village": "PURUSHOTTAMPUR", "shelter": "MFS(St.Plan)", "location": "ANTIRIGAN", "description": ""}}, {"type": "Feature", "geometry": {"type": "Point", "coordinates": [84.745257, 19.534617]}, "properties": {"name": "BHERASINGI", "district": "GANJAM", "block": "BHERASINGI", "village": "PURUSHOTTAMPUR", "shelter": "MFS(CMRF)", "location": "BHERASINGI", "description": ""}}, {"type": "Feature", "geometry": {"type": "Point", "coordinates": [84.926119, 19.570252]}, "properties": {"name": "SHAMA", "district": "GANJAM", "block": "SHAMA", "village": "PURUSHOTTAMPUR", "shelter": "MFS(St.Plan)", "location": "SHAMA", "description": ""}}, {"type": "Feature", "geometry": {"type": "Point", "coordinates": [84.77512549, 19.14523583]}, "properties": {"name": "DAYANIDHIPETA", "district": "GANJAM", "block": "DAYANIDHIPETA", "village": "RANGEILUNDA", "shelter": "MCS(CMRF)", "location": "DAYANIDHIPETA", "description": ""}}, {"type": "Feature", "geometry": {"type": "Point", "coordinates": [84.79892888, 19.18030107]}, "properties": {"name": "DHEPI NUAPARHA", "district": "GANJAM", "block": "DHEPI NUAPARHA", "village": "RANGEILUNDA", "shelter": "MCS(CMRF)", "location": "DHEPI NUAPARHA", "description": ""}}, {"type": "Feature", "geometry": {"type": "Point", "coordinates": [84.7942552, 19.18485567]}, "properties": {"name": "MENDRAJAPUR", "district": "GANJAM", "block": "MENDRAJAPUR", "village": "RANGEILUNDA", "shelter": "NCRMP-AF", "location": "MENDRAJAPUR", "description": ""}}, {"type": "Feature", "geometry": {"type": "Point", "coordinates": [84.82791246, 19.18954824]}, "properties": {"name": "MARKANDI", "district": "GANJAM", "block": "MARKANDI", "village": "RANGEILUNDA", "shelter": "NCRMP", "location": "MARKANDI", "description": ""}}, {"type": "Feature", "geometry": {"type": "Point", "coordinates": [84.81055536, 19.20220604]}, "properties": {"name": "TULU", "district": "GANJAM", "block": "TULU", "village": "RANGEILUNDA", "shelter": "MCS", "location": "TULU", "description": ""}}, {"type": "Feature", "geometry": {"type": "Point", "coordinates": [84.79973597, 19.21516078]}, "properties": {"name": "GUNAPALLI", "district": "GANJAM", "block": "GUNAPALLI", "village": "RANGEILUNDA", "shelter": "MCS(CMRF)", "location": "GUNAPALLI", "description": ""}}, {"type": "Feature", "geometry": {"type": "Point", "coordinates": [84.8317318, 19.21786467]}, "properties": {"name": "GODIGAN", "district": "GANJAM", "block": "GODIGAN", "village": "RANGEILUNDA", "shelter": "MCS(CMRF)", "location": "GODIGAN", "description": ""}}, {"type": "Feature", "geometry": {"type": "Point", "coordinates": [84.86858739, 19.22338666]}, "properties": {"name": "NUA GOLABANDHA", "district": "GANJAM", "block": "NUA GOLABANDHA", "village": "RANGEILUNDA", "shelter": "NCRMP-AF", "location": "NUA GOLABANDHA", "description": ""}}, {"type": "Feature", "geometry": {"type": "Point", "coordinates": [84.89410568, 19.24928518]}, "properties": {"name": "NUA BAKSHIPALLI", "district": "GANJAM", "block": "NUA BAKSHIPALLI", "village": "RANGEILUNDA", "shelter": "NCRMP", "location": "NUA BAKSHIPALLI", "description": ""}}, {"type": "Feature", "geometry": {"type": "Point", "coordinates": [84.90685553, 19.25857341]}, "properties": {"name": "GOPALPUR", "district": "GANJAM", "block": "GOPALPUR", "village": "RANGEILUNDA", "shelter": "MCS(CMRF)", "location": "GOPALPUR", "description": ""}}, {"type": "Feature", "geometry": {"type": "Point", "coordinates": [84.91137798, 19.26841497]}, "properties": {"name": "HARIPUR", "district": "GANJAM", "block": "HARIPUR", "village": "RANGEILUNDA", "shelter": "MCS", "location": "HARIPUR", "description": ""}}, {"type": "Feature", "geometry": {"type": "Point", "coordinates": [84.889117, 19.293783]}, "properties": {"name": "ANTRABATIA", "district": "GANJAM", "block": "ANTRABATIA", "village": "RANGEILUNDA", "shelter": "MCS(CMRF)", "location": "ANTRABATIA", "description": ""}}, {"type": "Feature", "geometry": {"type": "Point", "coordinates": [84.70077, 19.454273]}, "properties": {"name": "BALARAMAPALLI", "district": "GANJAM", "block": "BALARAMAPALLI", "village": "SERAGARH", "shelter": "MFS(St.Plan)", "location": "BALARAMAPALLI", "description": ""}}, {"type": "Feature", "geometry": {"type": "Point", "coordinates": [84.757731, 19.520043]}, "properties": {"name": "KANJANA", "district": "GANJAM", "block": "KANJANA", "village": "SERAGARH", "shelter": "MFS(St.Plan)", "location": "KANJANA", "description": ""}}, {"type": "Feature", "geometry": {"type": "Point", "coordinates": [84.740862, 19.530836]}, "properties": {"name": "TOGRAMA", "district": "GANJAM", "block": "TOGRAMA", "village": "SERAGARH", "shelter": "MFS(St.Plan)", "location": "TOGRAMA", "description": ""}}, {"type": "Feature", "geometry": {"type": "Point", "coordinates": [84.729655, 19.532255]}, "properties": {"name": "SANTOSHAPU", "district": "GANJAM", "block": "SANTOSHAPU", "village": "SERAGARH", "shelter": "MFS(CMRF)", "location": "SANTOSHAPU", "description": ""}}, {"type": "Feature", "geometry": {"type": "Point", "coordinates": [84.72674, 19.542338]}, "properties": {"name": "BRAHMANACHHAL", "district": "GANJAM", "block": "BRAHMANACHHAL", "village": "SERAGARH", "shelter": "MFS(St.Plan)", "location": "BRAHMANACHHAL", "description": ""}}, {"type": "Feature", "geometry": {"type": "Point", "coordinates": [84.405459, 19.71723]}, "properties": {"name": "AMRUTULU", "district": "GANJAM", "block": "AMRUTULU", "village": "SORADA", "shelter": "MFS(St.Plan)", "location": "AMRUTULU", "description": ""}}, {"type": "Feature", "geometry": {"type": "Point", "coordinates": [86.19899058, 20.06277909]}, "properties": {"name": "ANGESHWARPARHA", "district": "JAGATSINGPUR", "block": "ANGESHWARPARHA", "village": "BALIKUDA", "shelter": "MFS(St.Plan)", "location": "ANGESHWARPARHA", "description": ""}}, {"type": "Feature", "geometry": {"type": "Point", "coordinates": [86.051974, 20.296379]}, "properties": {"name": "BASANDARA", "district": "JAGATSINGPUR", "block": "BASANDARA", "village": "BIRIDI", "shelter": "MFS(CMRF)", "location": "BASANDARA", "description": ""}}, {"type": "Feature", "geometry": {"type": "Point", "coordinates": [86.088564, 20.298481]}, "properties": {"name": "BAGALPUR", "district": "JAGATSINGPUR", "block": "BAGALPUR", "village": "BIRIDI", "shelter": "MFS(CMRF)", "location": "BAGALPUR", "description": ""}}, {"type": "Feature", "geometry": {"type": "Point", "coordinates": [86.42063716, 20.06539658]}, "properties": {"name": "GARHARISPUR", "district": "JAGATSINGPUR", "block": "GARHARISPUR", "village": "ERSAMA", "shelter": "MCS(CMRF)", "location": "GARHARISPUR", "description": ""}}, {"type": "Feature", "geometry": {"type": "Point", "coordinates": [86.385409, 20.102314]}, "properties": {"name": "GODA", "district": "JAGATSINGPUR", "block": "GODA", "village": "ERSAMA", "shelter": "MFS(St.Plan)", "location": "GODA", "description": ""}}, {"type": "Feature", "geometry": {"type": "Point", "coordinates": [86.45071676, 20.10058776]}, "properties": {"name": "PADMAPUR", "district": "JAGATSINGPUR", "block": "PADMAPUR", "village": "ERSAMA", "shelter": "IRCS", "location": "PADMAPUR", "description": ""}}, {"type": "Feature", "geometry": {"type": "Point", "coordinates": [86.45939606, 20.13067011]}, "properties": {"name": "BAGHARIHI", "district": "JAGATSINGPUR", "block": "BAGHARIHI", "village": "ERSAMA", "shelter": "MCS(CMRF)", "location": "BAGHARIHI", "description": ""}}, {"type": "Feature", "geometry": {"type": "Point", "coordinates": [86.38148235, 20.14506981]}, "properties": {"name": "NARADIA", "district": "JAGATSINGPUR", "block": "NARADIA", "village": "ERSAMA", "shelter": "MCS", "location": "NARADIA", "description": ""}}, {"type": "Feature", "geometry": {"type": "Point", "coordinates": [86.46098687, 20.15699129]}, "properties": {"name": "DHAHIBAR", "district": "JAGATSINGPUR", "block": "DHAHIBAR", "village": "ERSAMA", "shelter": "MCS(CMRF)", "location": "DHAHIBAR", "description": ""}}, {"type": "Feature", "geometry": {"type": "Point", "coordinates": [86.4760977, 20.14688519]}, "properties": {"name": "KANKANA", "district": "JAGATSINGPUR", "block": "KANKANA", "village": "ERSAMA", "shelter": "NCRMP", "location": "KANKANA", "description": ""}}, {"type": "Feature", "geometry": {"type": "Point", "coordinates": [86.43664074, 20.16125384]}, "properties": {"name": "SAHARABEDI", "district": "JAGATSINGPUR", "block": "SAHARABEDI", "village": "ERSAMA", "shelter": "NCRMP", "location": "SAHARABEDI", "description": ""}}, {"type": "Feature", "geometry": {"type": "Point", "coordinates": [86.47723239, 20.19006455]}, "properties": {"name": "KHURANTUT", "district": "JAGATSINGPUR", "block": "KHURANTUT", "village": "ERSAMA", "shelter": "IRCS", "location": "KHURANTUT", "description": ""}}, {"type": "Feature", "geometry": {"type": "Point", "coordinates": [86.56181426, 20.23316707]}, "properties": {"name": "GOBINDPUR", "district": "JAGATSINGPUR", "block": "GOBINDPUR", "village": "ERSAMA", "shelter": "MCS", "location": "GOBINDPUR", "description": ""}}, {"type": "Feature", "geometry": {"type": "Point", "coordinates": [86.34851769, 19.99536281]}, "properties": {"name": "BANDAR", "district": "JAGATSINGPUR", "block": "BANDAR", "village": "JAGATSINGPUR", "shelter": "IRCS", "location": "BANDAR", "description": ""}}, {"type": "Feature", "geometry": {"type": "Point", "coordinates": [86.36296025, 20.01498375]}, "properties": {"name": "ICHHAPUR", "district": "JAGATSINGPUR", "block": "ICHHAPUR", "village": "JAGATSINGPUR", "shelter": "MCS", "location": "ICHHAPUR", "description": ""}}, {"type": "Feature", "geometry": {"type": "Point", "coordinates": [86.38789123, 20.00707227]}, "properties": {"name": "BALIJHORI", "district": "JAGATSINGPUR", "block": "BALIJHORI", "village": "JAGATSINGPUR", "shelter": "MFS(CMRF)", "location": "BALIJHORI", "description": ""}}, {"type": "Feature", "geometry": {"type": "Point", "coordinates": [86.299677, 20.030054]}, "properties": {"name": "RAGHUDIA", "district": "JAGATSINGPUR", "block": "RAGHUDIA", "village": "JAGATSINGPUR", "shelter": "MCS", "location": "RAGHUDIA", "description": ""}}, {"type": "Feature", "geometry": {"type": "Point", "coordinates": [86.389811, 20.054373]}, "properties": {"name": "DANDABEDI", "district": "JAGATSINGPUR", "block": "DANDABEDI", "village": "JAGATSINGPUR", "shelter": "NCRMP", "location": "DANDABEDI", "description": ""}}, {"type": "Feature", "geometry": {"type": "Point", "coordinates": [86.309382, 20.060654]}, "properties": {"name": "APANDARA", "district": "JAGATSINGPUR", "block": "APANDARA", "village": "JAGATSINGPUR", "shelter": "MFS(St.Plan)", "location": "APANDARA", "description": ""}}, {"type": "Feature", "geometry": {"type": "Point", "coordinates": [86.325571, 20.072169]}, "properties": {"name": "SANTARAPUR", "district": "JAGATSINGPUR", "block": "SANTARAPUR", "village": "JAGATSINGPUR", "shelter": "NCRMP", "location": "SANTARAPUR", "description": ""}}, {"type": "Feature", "geometry": {"type": "Point", "coordinates": [86.66139999, 20.263228]}, "properties": {"name": "BARA PODIA", "district": "JAGATSINGPUR", "block": "BARA PODIA", "village": "KUJANGA", "shelter": "NCRMP", "location": "BARA PODIA", "description": ""}}, {"type": "Feature", "geometry": {"type": "Point", "coordinates": [86.52977852, 20.26983051]}, "properties": {"name": "BAHULANG", "district": "JAGATSINGPUR", "block": "BAHULANG", "village": "KUJANGA", "shelter": "MCS", "location": "BAHULANG", "description": ""}}, {"type": "Feature", "geometry": {"type": "Point", "coordinates": [86.56062644, 20.27772765]}, "properties": {"name": "FATEPUR", "district": "JAGATSINGPUR", "block": "FATEPUR", "village": "KUJANGA", "shelter": "MCS", "location": "FATEPUR", "description": ""}}, {"type": "Feature", "geometry": {"type": "Point", "coordinates": [86.51622459, 20.27958222]}, "properties": {"name": "BADABANDHA", "district": "JAGATSINGPUR", "block": "BADABANDHA", "village": "KUJANGA", "shelter": "NCRMP", "location": "BADABANDHA", "description": ""}}, {"type": "Feature", "geometry": {"type": "Point", "coordinates": [86.52727224, 20.29184641]}, "properties": {"name": "PANPALLI", "district": "JAGATSINGPUR", "block": "PANPALLI", "village": "KUJANGA", "shelter": "NCRMP", "location": "PANPALLI", "description": ""}}, {"type": "Feature", "geometry": {"type": "Point", "coordinates": [86.55786245, 20.29658101]}, "properties": {"name": "GANDIKIPUR", "district": "JAGATSINGPUR", "block": "GANDIKIPUR", "village": "KUJANGA", "shelter": "MFS(St.Plan)", "location": "GANDIKIPUR", "description": ""}}, {"type": "Feature", "geometry": {"type": "Point", "coordinates": [86.56341591, 20.30612888]}, "properties": {"name": "MANGRAJPUR", "district": "JAGATSINGPUR", "block": "MANGRAJPUR", "village": "KUJANGA", "shelter": "MCS", "location": "MANGRAJPUR", "description": ""}}, {"type": "Feature", "geometry": {"type": "Point", "coordinates": [86.60634789, 20.30137697]}, "properties": {"name": "NIMIDIH", "district": "JAGATSINGPUR", "block": "NIMIDIH", "village": "KUJANGA", "shelter": "MCS", "location": "NIMIDIH", "description": ""}}, {"type": "Feature", "geometry": {"type": "Point", "coordinates": [86.48730314, 20.3182263]}, "properties": {"name": "JILANASI", "district": "JAGATSINGPUR", "block": "JILANASI", "village": "KUJANGA", "shelter": "MFS(CMRF)", "location": "JILANASI", "description": ""}}, {"type": "Feature", "geometry": {"type": "Point", "coordinates": [86.45182226, 20.32207836]}, "properties": {"name": "BADBALIKANI", "district": "JAGATSINGPUR", "block": "BADBALIKANI", "village": "KUJANGA", "shelter": "MFS(St.Plan)", "location": "BADBALIKANI", "description": ""}}, {"type": "Feature", "geometry": {"type": "Point", "coordinates": [86.6164242, 20.32100763]}, "properties": {"name": "NUAGARH", "district": "JAGATSINGPUR", "block": "NUAGARH", "village": "KUJANGA", "shelter": "MCS", "location": "NUAGARH", "description": ""}}, {"type": "Feature", "geometry": {"type": "Point", "coordinates": [86.59708702, 20.3263483]}, "properties": {"name": "PIPAL", "district": "JAGATSINGPUR", "block": "PIPAL", "village": "KUJANGA", "shelter": "MCS", "location": "PIPAL", "description": ""}}, {"type": "Feature", "geometry": {"type": "Point", "coordinates": [86.50934341, 20.32918296]}, "properties": {"name": "SAHARADIHA", "district": "JAGATSINGPUR", "block": "SAHARADIHA", "village": "KUJANGA", "shelter": "MFS(CMRF)", "location": "SAHARADIHA", "description": ""}}, {"type": "Feature", "geometry": {"type": "Point", "coordinates": [86.42097187, 20.33542531]}, "properties": {"name": "BANASARA", "district": "JAGATSINGPUR", "block": "BANASARA", "village": "KUJANGA", "shelter": "MFS(St.Plan)", "location": "BANASARA", "description": ""}}, {"type": "Feature", "geometry": {"type": "Point", "coordinates": [86.39713109, 20.31918011]}, "properties": {"name": "PORAPADEI", "district": "JAGATSINGPUR", "block": "PORAPADEI", "village": "TIRTOL", "shelter": "MFS(CMRF)", "location": "PORAPADEI", "description": ""}}, {"type": "Feature", "geometry": {"type": "Point", "coordinates": [86.34211876, 20.34283369]}, "properties": {"name": "SANKHASHWAR", "district": "JAGATSINGPUR", "block": "SANKHASHWAR", "village": "TIRTOL", "shelter": "MFS(St.Plan)", "location": "SANKHASHWAR", "description": ""}}, {"type": "Feature", "geometry": {"type": "Point", "coordinates": [86.285021, 20.343916]}, "properties": {"name": "KUTTA", "district": "JAGATSINGPUR", "block": "KUTTA", "village": "TIRTOL", "shelter": "MFS(St.Plan)", "location": "KUTTA", "description": ""}}, {"type": "Feature", "geometry": {"type": "Point", "coordinates": [86.35103017, 20.35041616]}, "properties": {"name": "BHARGOL", "district": "JAGATSINGPUR", "block": "BHARGOL", "village": "TIRTOL", "shelter": "MFS(CMRF)", "location": "BHARGOL", "description": ""}}, {"type": "Feature", "geometry": {"type": "Point", "coordinates": [86.25929197, 20.35844328]}, "properties": {"name": "KRUSHNANANDAPUR", "district": "JAGATSINGPUR", "block": "KRUSHNANANDAPUR", "village": "TIRTOL", "shelter": "MFS(St.Plan)", "location": "KRUSHNANANDAPUR", "description": ""}}, {"type": "Feature", "geometry": {"type": "Point", "coordinates": [83.482912, 21.657204]}, "properties": {"name": "MOHADI", "district": "JHARSUGUDA", "block": "MOHADI", "village": "LAKHANPUR", "shelter": "MFS(CMRF)", "location": "MOHADI", "description": ""}}, {"type": "Feature", "geometry": {"type": "Point", "coordinates": [83.486231, 21.775446]}, "properties": {"name": "KANAKTURA", "district": "JHARSUGUDA", "block": "KANAKTURA", "village": "LAKHANPUR", "shelter": "MFS(CMRF)", "location": "KANAKTURA", "description": ""}}, {"type": "Feature", "geometry": {"type": "Point", "coordinates": [82.804276, 19.607495]}, "properties": {"name": "BANDIGAON", "district": "KALAHANDI", "block": "BANDIGAON", "village": "JAIPATANA", "shelter": "MFS(CMRF)", "location": "BANDIGAON", "description": ""}}, {"type": "Feature", "geometry": {"type": "Point", "coordinates": [82.898468, 19.744063]}, "properties": {"name": "KOTENGAON", "district": "KALAHANDI", "block": "KOTENGAON", "village": "JUNAGARH", "shelter": "MFS(CMRF)", "location": "KOTENGAON", "description": ""}}, {"type": "Feature", "geometry": {"type": "Point", "coordinates": [82.871994, 19.641143]}, "properties": {"name": "BALICHHARA", "district": "KALAHANDI", "block": "BALICHHARA", "village": "KALAMPUR", "shelter": "MFS(CMRF)", "location": "BALICHHARA", "description": ""}}, {"type": "Feature", "geometry": {"type": "Point", "coordinates": [83.395289, 20.345181]}, "properties": {"name": "BELAKHANDI", "district": "KALAHANDI", "block": "BELAKHANDI", "village": "KESINGA", "shelter": "MFS(CMRF)", "location": "BELAKHANDI", "description": ""}}, {"type": "Feature", "geometry": {"type": "Point", "coordinates": [86.183192, 21.105057]}, "properties": {"name": "ATTA", "district": "KEONJHAR", "block": "ATTA", "village": "GHASIPURA", "shelter": "MFS(CMRF)", "location": "ATTA", "description": ""}}, {"type": "Feature", "geometry": {"type": "Point", "coordinates": [86.203486, 21.109677]}, "properties": {"name": "KARAGOLA", "district": "KEONJHAR", "block": "KARAGOLA", "village": "GHASIPURA", "shelter": "MFS(CMRF)", "location": "KARAGOLA", "description": ""}}, {"type": "Feature", "geometry": {"type": "Point", "coordinates": [86.298487, 21.036097]}, "properties": {"name": "RATAKANA", "district": "KEONJHAR", "block": "RATAKANA", "village": "HATADIHI", "shelter": "MFS(CMRF)", "location": "RATAKANA", "description": ""}}, {"type": "Feature", "geometry": {"type": "Point", "coordinates": [86.266405, 21.039931]}, "properties": {"name": "HABALESWAR", "district": "KEONJHAR", "block": "HABALESWAR", "village": "HATADIHI", "shelter": "MFS(CMRF)", "location": "HABALESWAR", "description": ""}}, {"type": "Feature", "geometry": {"type": "Point", "coordinates": [85.991991, 20.222718]}, "properties": {"name": "UPARSAHI", "district": "KHURDA", "block": "UPARSAHI", "village": "BALIANTA", "shelter": "MFS(CMRF)", "location": "UPARSAHI", "description": ""}}, {"type": "Feature", "geometry": {"type": "Point", "coordinates": [85.980555, 20.228523]}, "properties": {"name": "PRATAPRUDRAPUR", "district": "KHURDA", "block": "PRATAPRUDRAPUR", "village": "BALIANTA", "shelter": "MFS(CMRF)", "location": "PRATAPRUDRAPUR", "description": ""}}, {"type": "Feature", "geometry": {"type": "Point", "coordinates": [85.902087, 20.245522]}, "properties": {"name": "GOTALGRAM", "district": "KHURDA", "block": "GOTALGRAM", "village": "BALIANTA", "shelter": "MFS(CMRF)", "location": "GOTALGRAM", "description": ""}}, {"type": "Feature", "geometry": {"type": "Point", "coordinates": [85.896456, 20.298882]}, "properties": {"name": "BALIANTA", "district": "KHURDA", "block": "BALIANTA", "village": "BALIANTA", "shelter": "MFS(CMRF)", "location": "BALIANTA", "description": ""}}, {"type": "Feature", "geometry": {"type": "Point", "coordinates": [86.066843, 20.11343]}, "properties": {"name": "KANTAPARHA", "district": "KHURDA", "block": "KANTAPARHA", "village": "BALIPATNA", "shelter": "MFS(CMRF)", "location": "KANTAPARHA", "description": ""}}, {"type": "Feature", "geometry": {"type": "Point", "coordinates": [85.941355, 20.122059]}, "properties": {"name": "GARIA", "district": "KHURDA", "block": "GARIA", "village": "BALIPATNA", "shelter": "MFS(CMRF)", "location": "GARIA", "description": ""}}, {"type": "Feature", "geometry": {"type": "Point", "coordinates": [85.968462, 20.127953]}, "properties": {"name": "KURUNJIPUR", "district": "KHURDA", "block": "KURUNJIPUR", "village": "BALIPATNA", "shelter": "MFS(CMRF)", "location": "KURUNJIPUR", "description": ""}}, {"type": "Feature", "geometry": {"type": "Point", "coordinates": [85.987757, 20.139607]}, "properties": {"name": "PUBAGAR", "district": "KHURDA", "block": "PUBAGAR", "village": "BALIPATNA", "shelter": "MFS(CMRF)", "location": "PUBAGAR", "description": ""}}, {"type": "Feature", "geometry": {"type": "Point", "coordinates": [85.136736, 19.769421]}, "properties": {"name": "PUNJIAMA SASAN", "district": "KHURDA", "block": "PUNJIAMA SASAN", "village": "BANAPUR", "shelter": "NCRMP_AF", "location": "PUNJIAMA SASAN", "description": ""}}, {"type": "Feature", "geometry": {"type": "Point", "coordinates": [85.215533, 19.773543]}, "properties": {"name": "DHUANLA", "district": "KHURDA", "block": "DHUANLA", "village": "BANAPUR", "shelter": "NCRMP_AF", "location": "DHUANLA", "description": ""}}, {"type": "Feature", "geometry": {"type": "Point", "coordinates": [85.127955, 19.77516]}, "properties": {"name": "MANIKPUR", "district": "KHURDA", "block": "MANIKPUR", "village": "BANAPUR", "shelter": "MFS(CMRF)", "location": "MANIKPUR", "description": ""}}, {"type": "Feature", "geometry": {"type": "Point", "coordinates": [85.182192, 19.814224]}, "properties": {"name": "NARENDRAPUR", "district": "KHURDA", "block": "NARENDRAPUR", "village": "BANAPUR", "shelter": "NCRMP_AF", "location": "NARENDRAPUR", "description": ""}}, {"type": "Feature", "geometry": {"type": "Point", "coordinates": [85.14641, 19.826956]}, "properties": {"name": "BHAPUR", "district": "KHURDA", "block": "BHAPUR", "village": "BANAPUR", "shelter": "MFS(CMRF)", "location": "BHAPUR", "description": ""}}, {"type": "Feature", "geometry": {"type": "Point", "coordinates": [85.252917, 19.847113]}, "properties": {"name": "KULOI", "district": "KHURDA", "block": "KULOI", "village": "BANAPUR", "shelter": "NCRMP_AF", "location": "KULOI", "description": ""}}, {"type": "Feature", "geometry": {"type": "Point", "coordinates": [85.22233, 19.847586]}, "properties": {"name": "BINJHALA", "district": "KHURDA", "block": "BINJHALA", "village": "BANAPUR", "shelter": "NCRMP_AF", "location": "BINJHALA", "description": ""}}, {"type": "Feature", "geometry": {"type": "Point", "coordinates": [85.225024, 19.851147]}, "properties": {"name": "HARICHANDANPUR", "district": "KHURDA", "block": "HARICHANDANPUR", "village": "BANAPUR", "shelter": "NCRMP_AF", "location": "HARICHANDANPUR", "description": ""}}, {"type": "Feature", "geometry": {"type": "Point", "coordinates": [85.2493, 19.853995]}, "properties": {"name": "GOTAPALLI", "district": "KHURDA", "block": "GOTAPALLI", "village": "BANAPUR", "shelter": "MFS(CMRF)", "location": "GOTAPALLI", "description": ""}}, {"type": "Feature", "geometry": {"type": "Point", "coordinates": [85.272173, 19.862303]}, "properties": {"name": "MORAMOR", "district": "KHURDA", "block": "MORAMOR", "village": "BANAPUR", "shelter": "NCRMP_AF", "location": "MORAMOR", "description": ""}}, {"type": "Feature", "geometry": {"type": "Point", "coordinates": [85.530154, 20.218468]}, "properties": {"name": "LOKHATHPUR", "district": "KHURDA", "block": "LOKHATHPUR", "village": "BEGUNIA", "shelter": "MFS(CMRF)", "location": "LOKHATHPUR", "description": ""}}, {"type": "Feature", "geometry": {"type": "Point", "coordinates": [85.509119, 20.25396]}, "properties": {"name": "PORADIHA", "district": "KHURDA", "block": "PORADIHA", "village": "BEGUNIA", "shelter": "MFS(CMRF)", "location": "PORADIHA", "description": ""}}, {"type": "Feature", "geometry": {"type": "Point", "coordinates": [85.829371, 20.169317]}, "properties": {"name": "KAIRI", "district": "KHURDA", "block": "KAIRI", "village": "BHUBANESWAR", "shelter": "MFS(CMRF)", "location": "KAIRI", "description": ""}}, {"type": "Feature", "geometry": {"type": "Point", "coordinates": [85.167734, 19.717509]}, "properties": {"name": "BORASAHI", "district": "KHURDA", "block": "BORASAHI", "village": "CHILIKA", "shelter": "NCRMP_AF", "location": "BORASAHI", "description": ""}}, {"type": "Feature", "geometry": {"type": "Point", "coordinates": [85.235064, 19.794197]}, "properties": {"name": "BRAHMAN KOSADIHI", "district": "KHURDA", "block": "BRAHMAN KOSADIHI", "village": "CHILIKA", "shelter": "NCRMP_AF", "location": "BRAHMAN KOSADIHI", "description": ""}}, {"type": "Feature", "geometry": {"type": "Point", "coordinates": [85.251803, 19.796473]}, "properties": {"name": "SANTASINGHPUR", "district": "KHURDA", "block": "SANTASINGHPUR", "village": "CHILIKA", "shelter": "NCRMP_AF", "location": "SANTASINGHPUR", "description": ""}}, {"type": "Feature", "geometry": {"type": "Point", "coordinates": [85.321429, 19.809403]}, "properties": {"name": "BANIABANDHA", "district": "KHURDA", "block": "BANIABANDHA", "village": "CHILIKA", "shelter": "NCRMP_AF", "location": "BANIABANDHA", "description": ""}}, {"type": "Feature", "geometry": {"type": "Point", "coordinates": [85.315058, 19.82539]}, "properties": {"name": "HARIPUR", "district": "KHURDA", "block": "HARIPUR", "village": "CHILIKA", "shelter": "NCRMP_AF", "location": "HARIPUR", "description": ""}}, {"type": "Feature", "geometry": {"type": "Point", "coordinates": [85.332987, 19.834692]}, "properties": {"name": "PARABAL", "district": "KHURDA", "block": "PARABAL", "village": "CHILIKA", "shelter": "NCRMP_AF", "location": "PARABAL", "description": ""}}, {"type": "Feature", "geometry": {"type": "Point", "coordinates": [85.356058, 19.839064]}, "properties": {"name": "BARADIHI", "district": "KHURDA", "block": "BARADIHI", "village": "CHILIKA", "shelter": "NCRMP_AF", "location": "BARADIHI", "description": ""}}, {"type": "Feature", "geometry": {"type": "Point", "coordinates": [85.338679, 19.85344]}, "properties": {"name": "BERIBAR", "district": "KHURDA", "block": "BERIBAR", "village": "CHILIKA", "shelter": "NCRMP_AF", "location": "BERIBAR", "description": ""}}, {"type": "Feature", "geometry": {"type": "Point", "coordinates": [85.383936, 19.855667]}, "properties": {"name": "MANSINGHPUR", "district": "KHURDA", "block": "MANSINGHPUR", "village": "CHILIKA", "shelter": "NCRMP_AF", "location": "MANSINGHPUR", "description": ""}}, {"type": "Feature", "geometry": {"type": "Point", "coordinates": [85.382418, 19.859505]}, "properties": {"name": "BHAGABATIPUR", "district": "KHURDA", "block": "BHAGABATIPUR", "village": "CHILIKA", "shelter": "NCRMP_AF", "location": "BHAGABATIPUR", "description": ""}}, {"type": "Feature", "geometry": {"type": "Point", "coordinates": [85.66199, 20.090946]}, "properties": {"name": "TIRIMAL", "district": "KHURDA", "block": "TIRIMAL", "village": "JATANI", "shelter": "MFS(CMRF)", "location": "TIRIMAL", "description": ""}}, {"type": "Feature", "geometry": {"type": "Point", "coordinates": [85.69472, 20.168623]}, "properties": {"name": "BARANUAGAN", "district": "KHURDA", "block": "BARANUAGAN", "village": "JATANI", "shelter": "NCRMP", "location": "BARANUAGAN", "description": ""}}, {"type": "Feature", "geometry": {"type": "Point", "coordinates": [85.647799, 20.257761]}, "properties": {"name": "ANGARAPARHA", "district": "KHURDA", "block": "ANGARAPARHA", "village": "JATANI", "shelter": "MFS(CMRF)", "location": "ANGARAPARHA", "description": ""}}, {"type": "Feature", "geometry": {"type": "Point", "coordinates": [85.590647, 20.035683]}, "properties": {"name": "BALAPUR", "district": "KHURDA", "block": "BALAPUR", "village": "KHURDA", "shelter": "MFS(CMRF)", "location": "BALAPUR", "description": ""}}, {"type": "Feature", "geometry": {"type": "Point", "coordinates": [85.375834, 19.86524]}, "properties": {"name": "RATANPUR", "district": "KHURDA", "block": "RATANPUR", "village": "TANGI", "shelter": "NCRMP_AF", "location": "RATANPUR", "description": ""}}, {"type": "Feature", "geometry": {"type": "Point", "coordinates": [85.320284, 19.871023]}, "properties": {"name": "JAIMANGALPUR", "district": "KHURDA", "block": "JAIMANGALPUR", "village": "TANGI", "shelter": "NCRMP_AF", "location": "JAIMANGALPUR", "description": ""}}, {"type": "Feature", "geometry": {"type": "Point", "coordinates": [85.435412, 19.915762]}, "properties": {"name": "KARTIASAHI", "district": "KHURDA", "block": "KARTIASAHI", "village": "TANGI", "shelter": "NCRMP_AF", "location": "KARTIASAHI", "description": ""}}, {"type": "Feature", "geometry": {"type": "Point", "coordinates": [85.364588, 19.915932]}, "properties": {"name": "ORADA", "district": "KHURDA", "block": "ORADA", "village": "TANGI", "shelter": "NCRMP_AF", "location": "ORADA", "description": ""}}, {"type": "Feature", "geometry": {"type": "Point", "coordinates": [85.428278, 19.916174]}, "properties": {"name": "MANGLAJORI", "district": "KHURDA", "block": "MANGLAJORI", "village": "TANGI", "shelter": "NCRMP_AF", "location": "MANGLAJORI", "description": ""}}, {"type": "Feature", "geometry": {"type": "Point", "coordinates": [85.341685, 19.926289]}, "properties": {"name": "SINGARAMA", "district": "KHURDA", "block": "SINGARAMA", "village": "TANGI", "shelter": "NCRMP_AF", "location": "SINGARAMA", "description": ""}}, {"type": "Feature", "geometry": {"type": "Point", "coordinates": [85.455386, 19.936375]}, "properties": {"name": "KATIAKUT COLONY", "district": "KHURDA", "block": "KATIAKUT COLONY", "village": "TANGI", "shelter": "NCRMP_AF", "location": "KATIAKUT COLONY", "description": ""}}, {"type": "Feature", "geometry": {"type": "Point", "coordinates": [85.442843, 19.936821]}, "properties": {"name": "SUNDARPUR", "district": "KHURDA", "block": "SUNDARPUR", "village": "TANGI", "shelter": "NCRMP_AF", "location": "SUNDARPUR", "description": ""}}, {"type": "Feature", "geometry": {"type": "Point", "coordinates": [85.488512, 19.937941]}, "properties": {"name": "BALIPATPUR", "district": "KHURDA", "block": "BALIPATPUR", "village": "TANGI", "shelter": "NCRMP_AF", "location": "BALIPATPUR", "description": ""}}, {"type": "Feature", "geometry": {"type": "Point", "coordinates": [85.494257, 19.938017]}, "properties": {"name": "NUAGAON", "district": "KHURDA", "block": "NUAGAON", "village": "TANGI", "shelter": "NCRMP_AF", "location": "NUAGAON", "description": ""}}, {"type": "Feature", "geometry": {"type": "Point", "coordinates": [85.474017, 19.947762]}, "properties": {"name": "KANTALBAL", "district": "KHURDA", "block": "KANTALBAL", "village": "TANGI", "shelter": "NCRMP_AF", "location": "KANTALBAL", "description": ""}}, {"type": "Feature", "geometry": {"type": "Point", "coordinates": [85.358195, 19.949106]}, "properties": {"name": "RAMACHANDRAPUR", "district": "KHURDA", "block": "RAMACHANDRAPUR", "village": "TANGI", "shelter": "NCRMP_AF", "location": "RAMACHANDRAPUR", "description": ""}}, {"type": "Feature", "geometry": {"type": "Point", "coordinates": [85.474985, 19.953736]}, "properties": {"name": "BHUSANDAPUR", "district": "KHURDA", "block": "BHUSANDAPUR", "village": "TANGI", "shelter": "NCRMP_AF", "location": "BHUSANDAPUR", "description": ""}}, {"type": "Feature", "geometry": {"type": "Point", "coordinates": [85.555956, 19.971304]}, "properties": {"name": "ARERI", "district": "KHURDA", "block": "ARERI", "village": "TANGI", "shelter": "NCRMP_AF", "location": "ARERI", "description": ""}}, {"type": "Feature", "geometry": {"type": "Point", "coordinates": [85.491228, 19.97151]}, "properties": {"name": "NAYAGARH", "district": "KHURDA", "block": "NAYAGARH", "village": "TANGI", "shelter": "NCRMP_AF", "location": "NAYAGARH", "description": ""}}, {"type": "Feature", "geometry": {"type": "Point", "coordinates": [86.855311, 21.618046]}, "properties": {"name": "SALGAN", "district": "MAYURBHANJ", "block": "SALGAN", "village": "BARASAHI", "shelter": "MFS(CMRF)", "location": "SALGAN", "description": ""}}, {"type": "Feature", "geometry": {"type": "Point", "coordinates": [86.83398399, 21.66297201]}, "properties": {"name": "BELANPUR", "district": "MAYURBHANJ", "block": "BELANPUR", "village": "BARASAHI", "shelter": "MFS(CMRF)", "location": "BELANPUR", "description": ""}}, {"type": "Feature", "geometry": {"type": "Point", "coordinates": [86.82933697, 21.67604955]}, "properties": {"name": "RANGAPARA", "district": "MAYURBHANJ", "block": "RANGAPARA", "village": "BARASAHI", "shelter": "MFS(CMRF)", "location": "RANGAPARA", "description": ""}}, {"type": "Feature", "geometry": {"type": "Point", "coordinates": [86.789194, 21.727928]}, "properties": {"name": "BAGULI", "district": "MAYURBHANJ", "block": "BAGULI", "village": "BARASAHI", "shelter": "MFS(CMRF)", "location": "BAGULI", "description": ""}}, {"type": "Feature", "geometry": {"type": "Point", "coordinates": [86.514857, 21.541552]}, "properties": {"name": "KARPADA", "district": "MAYURBHANJ", "block": "KARPADA", "village": "KAPTIPADA", "shelter": "MFS(CMRF)", "location": "KARPADA", "description": ""}}, {"type": "Feature", "geometry": {"type": "Point", "coordinates": [86.735987, 21.917916]}, "properties": {"name": "NARAPADA", "district": "MAYURBHANJ", "block": "NARAPADA", "village": "SHAMAKHUNTA", "shelter": "MFS(CMRF)", "location": "NARAPADA", "description": ""}}, {"type": "Feature", "geometry": {"type": "Point", "coordinates": [86.740137, 21.924559]}, "properties": {"name": "SANAGARIA", "district": "MAYURBHANJ", "block": "SANAGARIA", "village": "SHAMAKHUNTA", "shelter": "MFS(CMRF)", "location": "SANAGARIA", "description": ""}}, {"type": "Feature", "geometry": {"type": "Point", "coordinates": [86.749232, 21.930741]}, "properties": {"name": "KALIKAPUR", "district": "MAYURBHANJ", "block": "KALIKAPUR", "village": "SHAMAKHUNTA", "shelter": "MFS(CMRF)", "location": "KALIKAPUR", "description": ""}}, {"type": "Feature", "geometry": {"type": "Point", "coordinates": [86.670336, 21.987047]}, "properties": {"name": "KANTAPAL", "district": "MAYURBHANJ", "block": "KANTAPAL", "village": "SHAMAKHUNTA", "shelter": "MFS(CMRF)", "location": "KANTAPAL", "description": ""}}, {"type": "Feature", "geometry": {"type": "Point", "coordinates": [86.55173, 21.567955]}, "properties": {"name": "PURUNAPANI", "district": "MAYURBHANJ", "block": "PURUNAPANI", "village": "UDALA", "shelter": "MFS(CMRF)", "location": "PURUNAPANI", "description": ""}}, {"type": "Feature", "geometry": {"type": "Point", "coordinates": [85.192866, 20.326252]}, "properties": {"name": "BIDYADHARPUR", "district": "NAYAGARH", "block": "BIDYADHARPUR", "village": "BHAPUR", "shelter": "MFS(CMRF)", "location": "BIDYADHARPUR", "description": ""}}, {"type": "Feature", "geometry": {"type": "Point", "coordinates": [85.335429, 20.339978]}, "properties": {"name": "KORABARA", "district": "NAYAGARH", "block": "KORABARA", "village": "BHAPUR", "shelter": "MCS(CMRF)", "location": "KORABARA", "description": ""}}, {"type": "Feature", "geometry": {"type": "Point", "coordinates": [85.236399, 20.346518]}, "properties": {"name": "BIDYADHARPUR", "district": "NAYAGARH", "block": "BIDYADHARPUR", "village": "BHAPUR", "shelter": "MFS(CMRF)", "location": "BIDYADHARPUR", "description": ""}}, {"type": "Feature", "geometry": {"type": "Point", "coordinates": [85.263079, 20.347721]}, "properties": {"name": "HANUMANTAPRASAD", "district": "NAYAGARH", "block": "HANUMANTAPRASAD", "village": "BHAPUR", "shelter": "MFS(CMRF)", "location": "HANUMANTAPRASAD", "description": ""}}, {"type": "Feature", "geometry": {"type": "Point", "coordinates": [85.040217, 20.419888]}, "properties": {"name": "WALIPUR", "district": "NAYAGARH", "block": "WALIPUR", "village": "GANIA", "shelter": "MFS(CMRF)", "location": "WALIPUR", "description": ""}}, {"type": "Feature", "geometry": {"type": "Point", "coordinates": [84.871561, 20.499995]}, "properties": {"name": "BARMUL", "district": "NAYAGARH", "block": "BARMUL", "village": "GANIA", "shelter": "MCS(CMRF)", "location": "BARMUL", "description": ""}}, {"type": "Feature", "geometry": {"type": "Point", "coordinates": [85.197237, 20.362326]}, "properties": {"name": "KANTILO", "district": "NAYAGARH", "block": "KANTILO", "village": "KHANDAPARA", "shelter": "MCS(CMRF)", "location": "KANTILO", "description": ""}}, {"type": "Feature", "geometry": {"type": "Point", "coordinates": [85.114764, 20.395754]}, "properties": {"name": "SIDHAMUTA", "district": "NAYAGARH", "block": "SIDHAMUTA", "village": "KHANDAPARA", "shelter": "MFS(CMRF)", "location": "SIDHAMUTA", "description": ""}}, {"type": "Feature", "geometry": {"type": "Point", "coordinates": [85.172709, 20.151387]}, "properties": {"name": "BARHA PANDUSA", "district": "NAYAGARH", "block": "BARHA PANDUSA", "village": "NAYAGARH", "shelter": "MFS(CMRF)", "location": "BARHA PANDUSA", "description": ""}}, {"type": "Feature", "geometry": {"type": "Point", "coordinates": [85.161234, 20.174187]}, "properties": {"name": "NATUGRAMA", "district": "NAYAGARH", "block": "NATUGRAMA", "village": "NAYAGARH", "shelter": "MFS(CMRF)", "location": "NATUGRAMA", "description": ""}}, {"type": "Feature", "geometry": {"type": "Point", "coordinates": [85.125796, 20.042053]}, "properties": {"name": "BARHA GORADA", "district": "NAYAGARH", "block": "BARHA GORADA", "village": "ODAGAON", "shelter": "MFS(CMRF)", "location": "BARHA GORADA", "description": ""}}, {"type": "Feature", "geometry": {"type": "Point", "coordinates": [85.357111, 19.95859]}, "properties": {"name": "ARJUNPUR", "district": "NAYAGARH", "block": "ARJUNPUR", "village": "RANAPUR", "shelter": "MFS(CMRF)", "location": "ARJUNPUR", "description": ""}}, {"type": "Feature", "geometry": {"type": "Point", "coordinates": [85.371706, 19.970091]}, "properties": {"name": "RANIGUDIA", "district": "NAYAGARH", "block": "RANIGUDIA", "village": "RANAPUR", "shelter": "NCRMP_AF", "location": "RANIGUDIA", "description": ""}}, {"type": "Feature", "geometry": {"type": "Point", "coordinates": [85.433581, 19.973974]}, "properties": {"name": "CHAMPAGARH", "district": "NAYAGARH", "block": "CHAMPAGARH", "village": "RANAPUR", "shelter": "NCRMP_AF", "location": "CHAMPAGARH", "description": ""}}, {"type": "Feature", "geometry": {"type": "Point", "coordinates": [85.409273, 19.977074]}, "properties": {"name": "BANDHAPALA", "district": "NAYAGARH", "block": "BANDHAPALA", "village": "RANAPUR", "shelter": "NCRMP_AF", "location": "BANDHAPALA", "description": ""}}, {"type": "Feature", "geometry": {"type": "Point", "coordinates": [85.37858, 20.000149]}, "properties": {"name": "BARANG GARIA", "district": "NAYAGARH", "block": "BARANG GARIA", "village": "RANAPUR", "shelter": "NCRMP_AF", "location": "BARANG GARIA", "description": ""}}, {"type": "Feature", "geometry": {"type": "Point", "coordinates": [85.370821, 20.006949]}, "properties": {"name": "CHAMPAPERHI", "district": "NAYAGARH", "block": "CHAMPAPERHI", "village": "RANAPUR", "shelter": "MFS(CMRF)", "location": "CHAMPAPERHI", "description": ""}}, {"type": "Feature", "geometry": {"type": "Point", "coordinates": [82.680285, 20.132323]}, "properties": {"name": "BUTPALI", "district": "NUAPARA", "block": "BUTPALI", "village": "SINAPALI", "shelter": "MFS(CMRF)", "location": "BUTPALI", "description": ""}}, {"type": "Feature", "geometry": {"type": "Point", "coordinates": [86.221331, 19.904438]}, "properties": {"name": "TONDAHAR", "district": "PURI", "block": "TONDAHAR", "village": "ASTARANGA", "shelter": "NCRMP", "location": "TONDAHAR", "description": ""}}, {"type": "Feature", "geometry": {"type": "Point", "coordinates": [86.228915, 19.910164]}, "properties": {"name": "KEATJANGA", "district": "PURI", "block": "KEATJANGA", "village": "ASTARANGA", "shelter": "NCRMP", "location": "KEATJANGA", "description": ""}}, {"type": "Feature", "geometry": {"type": "Point", "coordinates": [86.23997, 19.925282]}, "properties": {"name": "KARAL", "district": "PURI", "block": "KARAL", "village": "ASTARANGA", "shelter": "MFS(St.Plan)", "location": "KARAL", "description": ""}}, {"type": "Feature", "geometry": {"type": "Point", "coordinates": [86.223658, 19.938027]}, "properties": {"name": "RATANPUR", "district": "PURI", "block": "RATANPUR", "village": "ASTARANGA", "shelter": "NCRMP-AF", "location": "RATANPUR", "description": ""}}, {"type": "Feature", "geometry": {"type": "Point", "coordinates": [86.23485, 19.943537]}, "properties": {"name": "BANTILO", "district": "PURI", "block": "BANTILO", "village": "ASTARANGA", "shelter": "NCRMP", "location": "BANTILO", "description": ""}}, {"type": "Feature", "geometry": {"type": "Point", "coordinates": [86.23363, 19.962147]}, "properties": {"name": "MUDGAL", "district": "PURI", "block": "MUDGAL", "village": "ASTARANGA", "shelter": "NCRMP-AF", "location": "MUDGAL", "description": ""}}, {"type": "Feature", "geometry": {"type": "Point", "coordinates": [86.237902, 19.966116]}, "properties": {"name": "NATHARO", "district": "PURI", "block": "NATHARO", "village": "ASTARANGA", "shelter": "NCRMP-AF", "location": "NATHARO", "description": ""}}, {"type": "Feature", "geometry": {"type": "Point", "coordinates": [86.307009, 19.967324]}, "properties": {"name": "MADHUPUR", "district": "PURI", "block": "MADHUPUR", "village": "ASTARANGA", "shelter": "NCRMP", "location": "MADHUPUR", "description": ""}}, {"type": "Feature", "geometry": {"type": "Point", "coordinates": [86.208422, 19.970621]}, "properties": {"name": "KUNDESHWAR", "district": "PURI", "block": "KUNDESHWAR", "village": "ASTARANGA", "shelter": "NCRMP-AF", "location": "KUNDESHWAR", "description": ""}}, {"type": "Feature", "geometry": {"type": "Point", "coordinates": [86.322451, 19.972636]}, "properties": {"name": "NUAGAR", "district": "PURI", "block": "NUAGAR", "village": "ASTARANGA", "shelter": "IRCS", "location": "NUAGAR", "description": ""}}, {"type": "Feature", "geometry": {"type": "Point", "coordinates": [86.219866, 19.976006]}, "properties": {"name": "KENDRAPATI", "district": "PURI", "block": "KENDRAPATI", "village": "ASTARANGA", "shelter": "NCRMP", "location": "KENDRAPATI", "description": ""}}, {"type": "Feature", "geometry": {"type": "Point", "coordinates": [86.309908, 19.997277]}, "properties": {"name": "DAKHIN PANTAL", "district": "PURI", "block": "DAKHIN PANTAL", "village": "ASTARANGA", "shelter": "MFS(St.Plan)", "location": "DAKHIN PANTAL", "description": ""}}, {"type": "Feature", "geometry": {"type": "Point", "coordinates": [86.306742, 19.998646]}, "properties": {"name": "NAGAR", "district": "PURI", "block": "NAGAR", "village": "ASTARANGA", "shelter": "IRCS", "location": "NAGAR", "description": ""}}, {"type": "Feature", "geometry": {"type": "Point", "coordinates": [86.30572, 20.00652]}, "properties": {"name": "NAGAR", "district": "PURI", "block": "NAGAR", "village": "ASTARANGA", "shelter": "NCRMP-AF", "location": "NAGAR", "description": ""}}, {"type": "Feature", "geometry": {"type": "Point", "coordinates": [86.30359538, 20.0131223]}, "properties": {"name": "KALIAKANA", "district": "PURI", "block": "KALIAKANA", "village": "ASTARANGA", "shelter": "NCRMP", "location": "KALIAKANA", "description": ""}}, {"type": "Feature", "geometry": {"type": "Point", "coordinates": [86.248644, 20.014733]}, "properties": {"name": "KHANDASAHI", "district": "PURI", "block": "KHANDASAHI", "village": "ASTARANGA", "shelter": "NCRMP-AF", "location": "KHANDASAHI", "description": ""}}, {"type": "Feature", "geometry": {"type": "Point", "coordinates": [86.28807575, 20.02223263]}, "properties": {"name": "OSIAN", "district": "PURI", "block": "OSIAN", "village": "ASTARANGA", "shelter": "NCRMP-AF", "location": "OSIAN", "description": ""}}, {"type": "Feature", "geometry": {"type": "Point", "coordinates": [86.2858741, 20.02292145]}, "properties": {"name": "PATSUNDARPUR", "district": "PURI", "block": "PATSUNDARPUR", "village": "ASTARANGA", "shelter": "NCRMP", "location": "PATSUNDARPUR", "description": ""}}, {"type": "Feature", "geometry": {"type": "Point", "coordinates": [86.251948, 20.032902]}, "properties": {"name": "TALDA", "district": "PURI", "block": "TALDA", "village": "ASTARANGA", "shelter": "MCS", "location": "TALDA", "description": ""}}, {"type": "Feature", "geometry": {"type": "Point", "coordinates": [86.27836569, 20.04733596]}, "properties": {"name": "DIHI KORARA", "district": "PURI", "block": "DIHI KORARA", "village": "ASTARANGA", "shelter": "MFS(St.Plan)", "location": "DIHI KORARA", "description": ""}}, {"type": "Feature", "geometry": {"type": "Point", "coordinates": [85.668658, 19.752585]}, "properties": {"name": "MOT", "district": "PURI", "block": "MOT", "village": "BRAMHAGIRI", "shelter": "IRCS", "location": "MOT", "description": ""}}, {"type": "Feature", "geometry": {"type": "Point", "coordinates": [85.649805, 19.761347]}, "properties": {"name": "CHAMPANIK", "district": "PURI", "block": "CHAMPANIK", "village": "BRAMHAGIRI", "shelter": "NCRMP", "location": "CHAMPANIK", "description": ""}}, {"type": "Feature", "geometry": {"type": "Point", "coordinates": [85.654429, 19.763357]}, "properties": {"name": "MATMATPUR", "district": "PURI", "block": "MATMATPUR", "village": "BRAMHAGIRI", "shelter": "NCRMP-AF", "location": "MATMATPUR", "description": ""}}, {"type": "Feature", "geometry": {"type": "Point", "coordinates": [85.702158, 19.763874]}, "properties": {"name": "NARSINGHA PATNA", "district": "PURI", "block": "NARSINGHA PATNA", "village": "BRAMHAGIRI", "shelter": "MCS", "location": "NARSINGHA PATNA", "description": ""}}, {"type": "Feature", "geometry": {"type": "Point", "coordinates": [85.661394, 19.767716]}, "properties": {"name": "SATYAKIPUR", "district": "PURI", "block": "SATYAKIPUR", "village": "BRAMHAGIRI", "shelter": "MCS(CMRF)", "location": "SATYAKIPUR", "description": ""}}, {"type": "Feature", "geometry": {"type": "Point", "coordinates": [85.70521, 19.772022]}, "properties": {"name": "JAGANNATH PATNA", "district": "PURI", "block": "JAGANNATH PATNA", "village": "BRAMHAGIRI", "shelter": "IRCS", "location": "JAGANNATH PATNA", "description": ""}}, {"type": "Feature", "geometry": {"type": "Point", "coordinates": [85.679026, 19.77406]}, "properties": {"name": "PALANK", "district": "PURI", "block": "PALANK", "village": "BRAMHAGIRI", "shelter": "NCRMP", "location": "PALANK", "description": ""}}, {"type": "Feature", "geometry": {"type": "Point", "coordinates": [85.722559, 19.782316]}, "properties": {"name": "BOLUKHADRA PATNA", "district": "PURI", "block": "BOLUKHADRA PATNA", "village": "BRAMHAGIRI", "shelter": "NCRMP-AF", "location": "BOLUKHADRA PATNA", "description": ""}}, {"type": "Feature", "geometry": {"type": "Point", "coordinates": [85.577196, 19.786085]}, "properties": {"name": "BARA BENAKUDI", "district": "PURI", "block": "BARA BENAKUDI", "village": "BRAMHAGIRI", "shelter": "NCRMP", "location": "BARA BENAKUDI", "description": ""}}, {"type": "Feature", "geometry": {"type": "Point", "coordinates": [85.712046, 19.789509]}, "properties": {"name": "BARJHANGA", "district": "PURI", "block": "BARJHANGA", "village": "BRAMHAGIRI", "shelter": "NCRMP", "location": "BARJHANGA", "description": ""}}, {"type": "Feature", "geometry": {"type": "Point", "coordinates": [85.641138, 19.81008]}, "properties": {"name": "SANA BANDHKERA", "district": "PURI", "block": "SANA BANDHKERA", "village": "BRAMHAGIRI", "shelter": "MFS(St.Plan)", "location": "SANA BANDHKERA", "description": ""}}, {"type": "Feature", "geometry": {"type": "Point", "coordinates": [85.608286, 19.810755]}, "properties": {"name": "KAHALPADA", "district": "PURI", "block": "KAHALPADA", "village": "BRAMHAGIRI", "shelter": "NCRMP", "location": "KAHALPADA", "description": ""}}, {"type": "Feature", "geometry": {"type": "Point", "coordinates": [85.652193, 19.811198]}, "properties": {"name": "BARA BANDHKERA", "district": "PURI", "block": "BARA BANDHKERA", "village": "BRAMHAGIRI", "shelter": "NCRMP-AF", "location": "BARA BANDHKERA", "description": ""}}, {"type": "Feature", "geometry": {"type": "Point", "coordinates": [85.75648, 19.81163]}, "properties": {"name": "GORUAL", "district": "PURI", "block": "GORUAL", "village": "BRAMHAGIRI", "shelter": "NCRMP-AF", "location": "GORUAL", "description": ""}}, {"type": "Feature", "geometry": {"type": "Point", "coordinates": [85.624049, 19.81942]}, "properties": {"name": "BRAHMANJA", "district": "PURI", "block": "BRAHMANJA", "village": "BRAMHAGIRI", "shelter": "MCS(CMRF)", "location": "BRAHMANJA", "description": ""}}, {"type": "Feature", "geometry": {"type": "Point", "coordinates": [85.733149, 19.820437]}, "properties": {"name": "TERAN", "district": "PURI", "block": "TERAN", "village": "BRAMHAGIRI", "shelter": "NCRMP-AF", "location": "TERAN", "description": ""}}, {"type": "Feature", "geometry": {"type": "Point", "coordinates": [85.662943, 19.821383]}, "properties": {"name": "GOURBANDH", "district": "PURI", "block": "GOURBANDH", "village": "BRAMHAGIRI", "shelter": "NCRMP-AF", "location": "GOURBANDH", "description": ""}}, {"type": "Feature", "geometry": {"type": "Point", "coordinates": [85.74161, 19.832905]}, "properties": {"name": "KANKURA", "district": "PURI", "block": "KANKURA", "village": "BRAMHAGIRI", "shelter": "NCRMP-AF", "location": "KANKURA", "description": ""}}, {"type": "Feature", "geometry": {"type": "Point", "coordinates": [85.640086, 19.836039]}, "properties": {"name": "BIDURBANK", "district": "PURI", "block": "BIDURBANK", "village": "BRAMHAGIRI", "shelter": "NCRMP-AF", "location": "BIDURBANK", "description": ""}}, {"type": "Feature", "geometry": {"type": "Point", "coordinates": [85.638529, 19.841971]}, "properties": {"name": "MANDPARA", "district": "PURI", "block": "MANDPARA", "village": "BRAMHAGIRI", "shelter": "NCRMP-AF", "location": "MANDPARA", "description": ""}}, {"type": "Feature", "geometry": {"type": "Point", "coordinates": [85.74145, 19.844946]}, "properties": {"name": "CHATURTHASHA", "district": "PURI", "block": "CHATURTHASHA", "village": "BRAMHAGIRI", "shelter": "NCRMP-AF", "location": "CHATURTHASHA", "description": ""}}, {"type": "Feature", "geometry": {"type": "Point", "coordinates": [85.598452, 19.85006]}, "properties": {"name": "GOLORA", "district": "PURI", "block": "GOLORA", "village": "BRAMHAGIRI", "shelter": "NCRMP-AF", "location": "GOLORA", "description": ""}}, {"type": "Feature", "geometry": {"type": "Point", "coordinates": [85.638453, 19.851134]}, "properties": {"name": "CHHATAPUR", "district": "PURI", "block": "CHHATAPUR", "village": "BRAMHAGIRI", "shelter": "NCRMP-AF", "location": "CHHATAPUR", "description": ""}}, {"type": "Feature", "geometry": {"type": "Point", "coordinates": [85.671267, 19.860501]}, "properties": {"name": "GHATAKURI", "district": "PURI", "block": "GHATAKURI", "village": "BRAMHAGIRI", "shelter": "NCRMP-AF", "location": "GHATAKURI", "description": ""}}, {"type": "Feature", "geometry": {"type": "Point", "coordinates": [85.733363, 19.861891]}, "properties": {"name": "BANASTAPADA", "district": "PURI", "block": "BANASTAPADA", "village": "BRAMHAGIRI", "shelter": "MFS(St.Plan)", "location": "BANASTAPADA", "description": ""}}, {"type": "Feature", "geometry": {"type": "Point", "coordinates": [85.663645, 19.862213]}, "properties": {"name": "TIARPARI", "district": "PURI", "block": "TIARPARI", "village": "BRAMHAGIRI", "shelter": "NCRMP-AF", "location": "TIARPARI", "description": ""}}, {"type": "Feature", "geometry": {"type": "Point", "coordinates": [85.587344, 19.863833]}, "properties": {"name": "JAGADAL", "district": "PURI", "block": "JAGADAL", "village": "BRAMHAGIRI", "shelter": "NCRMP-AF", "location": "JAGADAL", "description": ""}}, {"type": "Feature", "geometry": {"type": "Point", "coordinates": [85.638636, 19.864939]}, "properties": {"name": "BHANDARIKUDA", "district": "PURI", "block": "BHANDARIKUDA", "village": "BRAMHAGIRI", "shelter": "NCRMP-AF", "location": "BHANDARIKUDA", "description": ""}}, {"type": "Feature", "geometry": {"type": "Point", "coordinates": [85.657496, 19.866806]}, "properties": {"name": "RAMCHANDRAPUR", "district": "PURI", "block": "RAMCHANDRAPUR", "village": "BRAMHAGIRI", "shelter": "NCRMP-AF", "location": "RAMCHANDRAPUR", "description": ""}}, {"type": "Feature", "geometry": {"type": "Point", "coordinates": [85.61262, 19.86956]}, "properties": {"name": "NUAPADA", "district": "PURI", "block": "NUAPADA", "village": "BRAMHAGIRI", "shelter": "NCRMP", "location": "NUAPADA", "description": ""}}, {"type": "Feature", "geometry": {"type": "Point", "coordinates": [85.663706, 19.873724]}, "properties": {"name": "DIMIRISANA", "district": "PURI", "block": "DIMIRISANA", "village": "BRAMHAGIRI", "shelter": "NCRMP-AF", "location": "DIMIRISANA", "description": ""}}, {"type": "Feature", "geometry": {"type": "Point", "coordinates": [85.608553, 19.88872]}, "properties": {"name": "TALMAL", "district": "PURI", "block": "TALMAL", "village": "BRAMHAGIRI", "shelter": "NCRMP-AF", "location": "TALMAL", "description": ""}}, {"type": "Feature", "geometry": {"type": "Point", "coordinates": [85.726305, 19.982977]}, "properties": {"name": "INDIPUR", "district": "PURI", "block": "INDIPUR", "village": "DELANGA", "shelter": "MFS(CMRF)", "location": "INDIPUR", "description": ""}}, {"type": "Feature", "geometry": {"type": "Point", "coordinates": [85.702845, 19.992148]}, "properties": {"name": "DHANKERA", "district": "PURI", "block": "DHANKERA", "village": "DELANGA", "shelter": "MFS(CMRF)", "location": "DHANKERA", "description": ""}}, {"type": "Feature", "geometry": {"type": "Point", "coordinates": [85.73334, 20.016594]}, "properties": {"name": "GURUPAIL", "district": "PURI", "block": "GURUPAIL", "village": "DELANGA", "shelter": "MFS(St.Plan)", "location": "GURUPAIL", "description": ""}}, {"type": "Feature", "geometry": {"type": "Point", "coordinates": [85.692248, 20.034346]}, "properties": {"name": "KALYANPUR", "district": "PURI", "block": "KALYANPUR", "village": "DELANGA", "shelter": "MCS(CMRF)", "location": "KALYANPUR", "description": ""}}, {"type": "Feature", "geometry": {"type": "Point", "coordinates": [86.042139, 19.855681]}, "properties": {"name": "KHALKATA", "district": "PURI", "block": "KHALKATA", "village": "GOP", "shelter": "NCRMP", "location": "KHALKATA", "description": ""}}, {"type": "Feature", "geometry": {"type": "Point", "coordinates": [85.947955, 19.865225]}, "properties": {"name": "BHUAN", "district": "PURI", "block": "BHUAN", "village": "GOP", "shelter": "NCRMP", "location": "BHUAN", "description": ""}}, {"type": "Feature", "geometry": {"type": "Point", "coordinates": [86.111491, 19.867693]}, "properties": {"name": "CHANDRABHAGA", "district": "PURI", "block": "CHANDRABHAGA", "village": "GOP", "shelter": "NCRMP", "location": "CHANDRABHAGA", "description": ""}}, {"type": "Feature", "geometry": {"type": "Point", "coordinates": [86.006609, 19.874501]}, "properties": {"name": "BANGOR", "district": "PURI", "block": "BANGOR", "village": "GOP", "shelter": "NCRMP", "location": "BANGOR", "description": ""}}, {"type": "Feature", "geometry": {"type": "Point", "coordinates": [85.97362, 19.891749]}, "properties": {"name": "BANIASAHI", "district": "PURI", "block": "BANIASAHI", "village": "GOP", "shelter": "NCRMP-AF", "location": "BANIASAHI", "description": ""}}, {"type": "Feature", "geometry": {"type": "Point", "coordinates": [85.978121, 19.900919]}, "properties": {"name": "INCHOL", "district": "PURI", "block": "INCHOL", "village": "GOP", "shelter": "NCRMP-AF", "location": "INCHOL", "description": ""}}, {"type": "Feature", "geometry": {"type": "Point", "coordinates": [86.004748, 19.90304]}, "properties": {"name": "SURJANAGAR", "district": "PURI", "block": "SURJANAGAR", "village": "GOP", "shelter": "NCRMP", "location": "SURJANAGAR", "description": ""}}, {"type": "Feature", "geometry": {"type": "Point", "coordinates": [86.060831, 19.914582]}, "properties": {"name": "ACHYUTPUR", "district": "PURI", "block": "ACHYUTPUR", "village": "GOP", "shelter": "NCRMP-AF", "location": "ACHYUTPUR", "description": ""}}, {"type": "Feature", "geometry": {"type": "Point", "coordinates": [85.955378, 19.914896]}, "properties": {"name": "TARANA", "district": "PURI", "block": "TARANA", "village": "GOP", "shelter": "NCRMP-AF", "location": "TARANA", "description": ""}}, {"type": "Feature", "geometry": {"type": "Point", "coordinates": [85.990115, 19.915112]}, "properties": {"name": "BANTALIGRAM", "district": "PURI", "block": "BANTALIGRAM", "village": "GOP", "shelter": "NCRMP-AF", "location": "BANTALIGRAM", "description": ""}}, {"type": "Feature", "geometry": {"type": "Point", "coordinates": [86.098391, 19.917654]}, "properties": {"name": "KANTIJHARI", "district": "PURI", "block": "KANTIJHARI", "village": "GOP", "shelter": "NCRMP", "location": "KANTIJHARI", "description": ""}}, {"type": "Feature", "geometry": {"type": "Point", "coordinates": [86.037821, 19.924574]}, "properties": {"name": "BARTARA", "district": "PURI", "block": "BARTARA", "village": "GOP", "shelter": "NCRMP", "location": "BARTARA", "description": ""}}, {"type": "Feature", "geometry": {"type": "Point", "coordinates": [86.061533, 19.934927]}, "properties": {"name": "SARDA", "district": "PURI", "block": "SARDA", "village": "GOP", "shelter": "NCRMP", "location": "SARDA", "description": ""}}, {"type": "Feature", "geometry": {"type": "Point", "coordinates": [86.110674, 19.938055]}, "properties": {"name": "AMBILIGAN", "district": "PURI", "block": "AMBILIGAN", "village": "GOP", "shelter": "NCRMP-AF", "location": "AMBILIGAN", "description": ""}}, {"type": "Feature", "geometry": {"type": "Point", "coordinates": [85.960818, 19.942532]}, "properties": {"name": "POROPARA", "district": "PURI", "block": "POROPARA", "village": "GOP", "shelter": "MFS(St.Plan)", "location": "POROPARA", "description": ""}}, {"type": "Feature", "geometry": {"type": "Point", "coordinates": [86.064234, 19.947466]}, "properties": {"name": "KUNDIS", "district": "PURI", "block": "KUNDIS", "village": "GOP", "shelter": "NCRMP", "location": "KUNDIS", "description": ""}}, {"type": "Feature", "geometry": {"type": "Point", "coordinates": [86.085825, 19.958752]}, "properties": {"name": "MANDUPODA", "district": "PURI", "block": "MANDUPODA", "village": "GOP", "shelter": "NCRMP-AF", "location": "MANDUPODA", "description": ""}}, {"type": "Feature", "geometry": {"type": "Point", "coordinates": [85.983431, 19.961643]}, "properties": {"name": "GARDALI", "district": "PURI", "block": "GARDALI", "village": "GOP", "shelter": "MFS(St.Plan)", "location": "GARDALI", "description": ""}}, {"type": "Feature", "geometry": {"type": "Point", "coordinates": [86.152422, 19.968016]}, "properties": {"name": "ALNGGOLA", "district": "PURI", "block": "ALNGGOLA", "village": "GOP", "shelter": "NCRMP-AF", "location": "ALNGGOLA", "description": ""}}, {"type": "Feature", "geometry": {"type": "Point", "coordinates": [86.143961, 19.970057]}, "properties": {"name": "DURGAPUR", "district": "PURI", "block": "DURGAPUR", "village": "GOP", "shelter": "NCRMP-AF", "location": "DURGAPUR", "description": ""}}, {"type": "Feature", "geometry": {"type": "Point", "coordinates": [86.19475, 19.904547]}, "properties": {"name": "NARIYAMATHA", "district": "PURI", "block": "NARIYAMATHA", "village": "KAKATPUR", "shelter": "MCS", "location": "NARIYAMATHA", "description": ""}}, {"type": "Feature", "geometry": {"type": "Point", "coordinates": [86.208987, 19.911583]}, "properties": {"name": "CHHATIPARA", "district": "PURI", "block": "CHHATIPARA", "village": "KAKATPUR", "shelter": "NCRMP", "location": "CHHATIPARA", "description": ""}}, {"type": "Feature", "geometry": {"type": "Point", "coordinates": [86.144617, 19.919762]}, "properties": {"name": "ARUAL", "district": "PURI", "block": "ARUAL", "village": "KAKATPUR", "shelter": "NCRMP", "location": "ARUAL", "description": ""}}, {"type": "Feature", "geometry": {"type": "Point", "coordinates": [86.203646, 19.92968]}, "properties": {"name": "TENTULIYA", "district": "PURI", "block": "TENTULIYA", "village": "KAKATPUR", "shelter": "IRCS", "location": "TENTULIYA", "description": ""}}, {"type": "Feature", "geometry": {"type": "Point", "coordinates": [86.12475, 19.949892]}, "properties": {"name": "DHANTIR", "district": "PURI", "block": "DHANTIR", "village": "KAKATPUR", "shelter": "NCRMP", "location": "DHANTIR", "description": ""}}, {"type": "Feature", "geometry": {"type": "Point", "coordinates": [86.174219, 19.971442]}, "properties": {"name": "JALESHWARPARA", "district": "PURI", "block": "JALESHWARPARA", "village": "KAKATPUR", "shelter": "NCRMP", "location": "JALESHWARPARA", "description": ""}}, {"type": "Feature", "geometry": {"type": "Point", "coordinates": [86.191836, 19.988714]}, "properties": {"name": "ITAMBARPUR", "district": "PURI", "block": "ITAMBARPUR", "village": "KAKATPUR", "shelter": "NCRMP-AF", "location": "ITAMBARPUR", "description": ""}}, {"type": "Feature", "geometry": {"type": "Point", "coordinates": [85.634348, 19.900456]}, "properties": {"name": "JODAPADAR", "district": "PURI", "block": "JODAPADAR", "village": "KANAS", "shelter": "NCRMP-AF", "location": "JODAPADAR", "description": ""}}, {"type": "Feature", "geometry": {"type": "Point", "coordinates": [85.590494, 19.914469]}, "properties": {"name": "GOPINATHPUR", "district": "PURI", "block": "GOPINATHPUR", "village": "KANAS", "shelter": "NCRMP-AF", "location": "GOPINATHPUR", "description": ""}}, {"type": "Feature", "geometry": {"type": "Point", "coordinates": [85.582117, 19.915241]}, "properties": {"name": "PAIKMARA", "district": "PURI", "block": "PAIKMARA", "village": "KANAS", "shelter": "NCRMP-AF", "location": "PAIKMARA", "description": ""}}, {"type": "Feature", "geometry": {"type": "Point", "coordinates": [85.610003, 19.917311]}, "properties": {"name": "JAMILIGODA", "district": "PURI", "block": "JAMILIGODA", "village": "KANAS", "shelter": "MFS(St.Plan)", "location": "JAMILIGODA", "description": ""}}, {"type": "Feature", "geometry": {"type": "Point", "coordinates": [85.589678, 19.917578]}, "properties": {"name": "KOLAPADAR", "district": "PURI", "block": "KOLAPADAR", "village": "KANAS", "shelter": "NCRMP-AF", "location": "KOLAPADAR", "description": ""}}, {"type": "Feature", "geometry": {"type": "Point", "coordinates": [85.597849, 19.919674]}, "properties": {"name": "BILAPATNA", "district": "PURI", "block": "BILAPATNA", "village": "KANAS", "shelter": "NCRMP-AF", "location": "BILAPATNA", "description": ""}}, {"type": "Feature", "geometry": {"type": "Point", "coordinates": [85.574259, 19.921265]}, "properties": {"name": "BARAORA", "district": "PURI", "block": "BARAORA", "village": "KANAS", "shelter": "MFS(St.Plan)", "location": "BARAORA", "description": ""}}, {"type": "Feature", "geometry": {"type": "Point", "coordinates": [85.592913, 19.926131]}, "properties": {"name": "JAGULAIPADAR", "district": "PURI", "block": "JAGULAIPADAR", "village": "KANAS", "shelter": "NCRMP_AF", "location": "JAGULAIPADAR", "description": ""}}, {"type": "Feature", "geometry": {"type": "Point", "coordinates": [85.624934, 19.926352]}, "properties": {"name": "BASANTPUR", "district": "PURI", "block": "BASANTPUR", "village": "KANAS", "shelter": "NCRMP_AF", "location": "BASANTPUR", "description": ""}}, {"type": "Feature", "geometry": {"type": "Point", "coordinates": [85.582842, 19.930323]}, "properties": {"name": "SAHASPUR", "district": "PURI", "block": "SAHASPUR", "village": "KANAS", "shelter": "NCRMP_AF", "location": "SAHASPUR", "description": ""}}, {"type": "Feature", "geometry": {"type": "Point", "coordinates": [85.535387, 19.941534]}, "properties": {"name": "DEIPUR", "district": "PURI", "block": "DEIPUR", "village": "KANAS", "shelter": "NCRMP-AF", "location": "DEIPUR", "description": ""}}, {"type": "Feature", "geometry": {"type": "Point", "coordinates": [85.590983, 19.942948]}, "properties": {"name": "KAURIKHANI", "district": "PURI", "block": "KAURIKHANI", "village": "KANAS", "shelter": "NCRMP-AF", "location": "KAURIKHANI", "description": ""}}, {"type": "Feature", "geometry": {"type": "Point", "coordinates": [85.547404, 19.945566]}, "properties": {"name": "TELONGAPARA", "district": "PURI", "block": "TELONGAPARA", "village": "KANAS", "shelter": "MFS(St.Plan)", "location": "TELONGAPARA", "description": ""}}, {"type": "Feature", "geometry": {"type": "Point", "coordinates": [85.59421, 19.948706]}, "properties": {"name": "SUNAKHARA", "district": "PURI", "block": "SUNAKHARA", "village": "KANAS", "shelter": "MFS(St.Plan)", "location": "SUNAKHARA", "description": ""}}, {"type": "Feature", "geometry": {"type": "Point", "coordinates": [85.525652, 19.956064]}, "properties": {"name": "GORKHAROD", "district": "PURI", "block": "GORKHAROD", "village": "KANAS", "shelter": "NCRMP-AF", "location": "GORKHAROD", "description": ""}}, {"type": "Feature", "geometry": {"type": "Point", "coordinates": [85.592715, 19.962727]}, "properties": {"name": "BERHATANDUL", "district": "PURI", "block": "BERHATANDUL", "village": "KANAS", "shelter": "NCRMP_AF", "location": "BERHATANDUL", "description": ""}}, {"type": "Feature", "geometry": {"type": "Point", "coordinates": [85.580065, 19.964779]}, "properties": {"name": "SIRIAPARA", "district": "PURI", "block": "SIRIAPARA", "village": "KANAS", "shelter": "NCRMP_AF", "location": "SIRIAPARA", "description": ""}}, {"type": "Feature", "geometry": {"type": "Point", "coordinates": [85.61668369, 19.96863199]}, "properties": {"name": "CHUPURUNGI", "district": "PURI", "block": "CHUPURUNGI", "village": "KANAS", "shelter": "NCRMP-AF", "location": "CHUPURUNGI", "description": ""}}, {"type": "Feature", "geometry": {"type": "Point", "coordinates": [85.580263, 19.969015]}, "properties": {"name": "ANILRA", "district": "PURI", "block": "ANILRA", "village": "KANAS", "shelter": "NCRMP-AF", "location": "ANILRA", "description": ""}}, {"type": "Feature", "geometry": {"type": "Point", "coordinates": [85.623095, 19.969353]}, "properties": {"name": "JANKIA", "district": "PURI", "block": "JANKIA", "village": "KANAS", "shelter": "MFS(CMRF)", "location": "JANKIA", "description": ""}}, {"type": "Feature", "geometry": {"type": "Point", "coordinates": [85.583536, 19.98581]}, "properties": {"name": "BAKU", "district": "PURI", "block": "BAKU", "village": "KANAS", "shelter": "NCRMP_AF", "location": "BAKU", "description": ""}}, {"type": "Feature", "geometry": {"type": "Point", "coordinates": [85.606844, 19.998198]}, "properties": {"name": "LAKHANPUR", "district": "PURI", "block": "LAKHANPUR", "village": "KANAS", "shelter": "MFS(CMRF)", "location": "LAKHANPUR", "description": ""}}, {"type": "Feature", "geometry": {"type": "Point", "coordinates": [85.182932, 19.495222]}, "properties": {"name": "RAMLANKA", "district": "PURI", "block": "RAMLANKA", "village": "KRUSHNAPRASAD", "shelter": "MCS", "location": "RAMLANKA", "description": ""}}, {"type": "Feature", "geometry": {"type": "Point", "coordinates": [85.190241, 19.497481]}, "properties": {"name": "BRAHMANDEO", "district": "PURI", "block": "BRAHMANDEO", "village": "KRUSHNAPRASAD", "shelter": "MFS(St.Plan)", "location": "BRAHMANDEO", "description": ""}}, {"type": "Feature", "geometry": {"type": "Point", "coordinates": [85.222803, 19.527054]}, "properties": {"name": "BAJRAKOT", "district": "PURI", "block": "BAJRAKOT", "village": "KRUSHNAPRASAD", "shelter": "NCRMP", "location": "BAJRAKOT", "description": ""}}, {"type": "Feature", "geometry": {"type": "Point", "coordinates": [85.232836, 19.527987]}, "properties": {"name": "DEGIRI", "district": "PURI", "block": "DEGIRI", "village": "KRUSHNAPRASAD", "shelter": "NCRMP_AF", "location": "DEGIRI", "description": ""}}, {"type": "Feature", "geometry": {"type": "Point", "coordinates": [85.202906, 19.539713]}, "properties": {"name": "TALRALA", "district": "PURI", "block": "TALRALA", "village": "KRUSHNAPRASAD", "shelter": "MCS", "location": "TALRALA", "description": ""}}, {"type": "Feature", "geometry": {"type": "Point", "coordinates": [85.253428, 19.54785]}, "properties": {"name": "PHATEPUR", "district": "PURI", "block": "PHATEPUR", "village": "KRUSHNAPRASAD", "shelter": "NCRMP", "location": "PHATEPUR", "description": ""}}, {"type": "Feature", "geometry": {"type": "Point", "coordinates": [85.299143, 19.576761]}, "properties": {"name": "SIANDI", "district": "PURI", "block": "SIANDI", "village": "KRUSHNAPRASAD", "shelter": "MCS", "location": "SIANDI", "description": ""}}, {"type": "Feature", "geometry": {"type": "Point", "coordinates": [85.238962, 19.584748]}, "properties": {"name": "GOPAKUDA", "district": "PURI", "block": "GOPAKUDA", "village": "KRUSHNAPRASAD", "shelter": "MCS", "location": "GOPAKUDA", "description": ""}}, {"type": "Feature", "geometry": {"type": "Point", "coordinates": [85.276766, 19.584894]}, "properties": {"name": "KANHEIPUR", "district": "PURI", "block": "KANHEIPUR", "village": "KRUSHNAPRASAD", "shelter": "MCS(CMRF)", "location": "KANHEIPUR", "description": ""}}, {"type": "Feature", "geometry": {"type": "Point", "coordinates": [85.252673, 19.59342]}, "properties": {"name": "SIYALA", "district": "PURI", "block": "SIYALA", "village": "KRUSHNAPRASAD", "shelter": "NCRMP", "location": "SIYALA", "description": ""}}, {"type": "Feature", "geometry": {"type": "Point", "coordinates": [85.320093, 19.59743]}, "properties": {"name": "JAMUNA", "district": "PURI", "block": "JAMUNA", "village": "KRUSHNAPRASAD", "shelter": "ICZMP", "location": "JAMUNA", "description": ""}}, {"type": "Feature", "geometry": {"type": "Point", "coordinates": [85.314478, 19.604889]}, "properties": {"name": "ALANDA", "district": "PURI", "block": "ALANDA", "village": "KRUSHNAPRASAD", "shelter": "ICZMP", "location": "ALANDA", "description": ""}}, {"type": "Feature", "geometry": {"type": "Point", "coordinates": [85.350458, 19.610218]}, "properties": {"name": "NUAGAON", "district": "PURI", "block": "NUAGAON", "village": "KRUSHNAPRASAD", "shelter": "NCRMP_AF", "location": "NUAGAON", "description": ""}}, {"type": "Feature", "geometry": {"type": "Point", "coordinates": [85.337275, 19.613768]}, "properties": {"name": "TITIPO", "district": "PURI", "block": "TITIPO", "village": "KRUSHNAPRASAD", "shelter": "ICZMP", "location": "TITIPO", "description": ""}}, {"type": "Feature", "geometry": {"type": "Point", "coordinates": [85.258997, 19.616724]}, "properties": {"name": "BARAANLA", "district": "PURI", "block": "BARAANLA", "village": "KRUSHNAPRASAD", "shelter": "MFS(St.Plan)", "location": "BARAANLA", "description": ""}}, {"type": "Feature", "geometry": {"type": "Point", "coordinates": [85.352633, 19.625614]}, "properties": {"name": "GOMUNDIA", "district": "PURI", "block": "GOMUNDIA", "village": "KRUSHNAPRASAD", "shelter": "NCRMP", "location": "GOMUNDIA", "description": ""}}, {"type": "Feature", "geometry": {"type": "Point", "coordinates": [85.250307, 19.629736]}, "properties": {"name": "KHATIAKUDI", "district": "PURI", "block": "KHATIAKUDI", "village": "KRUSHNAPRASAD", "shelter": "ICZMP", "location": "KHATIAKUDI", "description": ""}}, {"type": "Feature", "geometry": {"type": "Point", "coordinates": [85.39522, 19.630549]}, "properties": {"name": "KHIRSAHI", "district": "PURI", "block": "KHIRSAHI", "village": "KRUSHNAPRASAD", "shelter": "ICZMP", "location": "KHIRSAHI", "description": ""}}, {"type": "Feature", "geometry": {"type": "Point", "coordinates": [85.259363, 19.634335]}, "properties": {"name": "KRISHNAPRASADGARH", "district": "PURI", "block": "KRISHNAPRASADGARH", "village": "KRUSHNAPRASAD", "shelter": "NCRMP_AF", "location": "KRISHNAPRASADGARH", "description": ""}}, {"type": "Feature", "geometry": {"type": "Point", "coordinates": [85.385653, 19.635485]}, "properties": {"name": "JHARKATA", "district": "PURI", "block": "JHARKATA", "village": "KRUSHNAPRASAD", "shelter": "ICZMP", "location": "JHARKATA", "description": ""}}, {"type": "Feature", "geometry": {"type": "Point", "coordinates": [85.372927, 19.641066]}, "properties": {"name": "JENAPUR", "district": "PURI", "block": "JENAPUR", "village": "KRUSHNAPRASAD", "shelter": "NCRMP", "location": "JENAPUR", "description": ""}}, {"type": "Feature", "geometry": {"type": "Point", "coordinates": [85.434771, 19.649395]}, "properties": {"name": "BRAHMAPUR", "district": "PURI", "block": "BRAHMAPUR", "village": "KRUSHNAPRASAD", "shelter": "MCS", "location": "BRAHMAPUR", "description": ""}}, {"type": "Feature", "geometry": {"type": "Point", "coordinates": [85.356531, 19.649534]}, "properties": {"name": "SIPIA", "district": "PURI", "block": "SIPIA", "village": "KRUSHNAPRASAD", "shelter": "NCRMP", "location": "SIPIA", "description": ""}}, {"type": "Feature", "geometry": {"type": "Point", "coordinates": [85.426485, 19.653265]}, "properties": {"name": "MAHISA", "district": "PURI", "block": "MAHISA", "village": "KRUSHNAPRASAD", "shelter": "NCRMP", "location": "MAHISA", "description": ""}}, {"type": "Feature", "geometry": {"type": "Point", "coordinates": [85.385531, 19.667118]}, "properties": {"name": "NUAPARA", "district": "PURI", "block": "NUAPARA", "village": "KRUSHNAPRASAD", "shelter": "MCS", "location": "NUAPARA", "description": ""}}, {"type": "Feature", "geometry": {"type": "Point", "coordinates": [85.445025, 19.669997]}, "properties": {"name": "SATPARA", "district": "PURI", "block": "SATPARA", "village": "KRUSHNAPRASAD", "shelter": "MCS", "location": "SATPARA", "description": ""}}, {"type": "Feature", "geometry": {"type": "Point", "coordinates": [85.477785, 19.677386]}, "properties": {"name": "BAGHMUNDA", "district": "PURI", "block": "BAGHMUNDA", "village": "KRUSHNAPRASAD", "shelter": "ICZMP", "location": "BAGHMUNDA", "description": ""}}, {"type": "Feature", "geometry": {"type": "Point", "coordinates": [85.39947, 19.680388]}, "properties": {"name": "GURUBAL", "district": "PURI", "block": "GURUBAL", "village": "KRUSHNAPRASAD", "shelter": "ICZMP", "location": "GURUBAL", "description": ""}}, {"type": "Feature", "geometry": {"type": "Point", "coordinates": [85.480059, 19.682785]}, "properties": {"name": "NUAGAON", "district": "PURI", "block": "NUAGAON", "village": "KRUSHNAPRASAD", "shelter": "MFS(St.Plan)", "location": "NUAGAON", "description": ""}}, {"type": "Feature", "geometry": {"type": "Point", "coordinates": [85.516642, 19.687483]}, "properties": {"name": "GOBAKUND", "district": "PURI", "block": "GOBAKUND", "village": "KRUSHNAPRASAD", "shelter": "IRCS", "location": "GOBAKUND", "description": ""}}, {"type": "Feature", "geometry": {"type": "Point", "coordinates": [85.492571, 19.691424]}, "properties": {"name": "PIRIJIPUR", "district": "PURI", "block": "PIRIJIPUR", "village": "KRUSHNAPRASAD", "shelter": "IRCS", "location": "PIRIJIPUR", "description": ""}}, {"type": "Feature", "geometry": {"type": "Point", "coordinates": [85.533144, 19.696167]}, "properties": {"name": "MANIKPATNA", "district": "PURI", "block": "MANIKPATNA", "village": "KRUSHNAPRASAD", "shelter": "MCS", "location": "MANIKPATNA", "description": ""}}, {"type": "Feature", "geometry": {"type": "Point", "coordinates": [85.542025, 19.700957]}, "properties": {"name": "SANAPATNA", "district": "PURI", "block": "SANAPATNA", "village": "KRUSHNAPRASAD", "shelter": "IRCS", "location": "SANAPATNA", "description": ""}}, {"type": "Feature", "geometry": {"type": "Point", "coordinates": [85.519709, 19.710709]}, "properties": {"name": "GANGADHARPUR", "district": "PURI", "block": "GANGADHARPUR", "village": "KRUSHNAPRASAD", "shelter": "IRCS", "location": "GANGADHARPUR", "description": ""}}, {"type": "Feature", "geometry": {"type": "Point", "coordinates": [85.54407, 19.716843]}, "properties": {"name": "RAMESWARPUR", "district": "PURI", "block": "RAMESWARPUR", "village": "KRUSHNAPRASAD", "shelter": "NCRMP_AF", "location": "RAMESWARPUR", "description": ""}}, {"type": "Feature", "geometry": {"type": "Point", "coordinates": [85.525256, 19.719601]}, "properties": {"name": "PANASAPADA", "district": "PURI", "block": "PANASAPADA", "village": "KRUSHNAPRASAD", "shelter": "MCS", "location": "PANASAPADA", "description": ""}}, {"type": "Feature", "geometry": {"type": "Point", "coordinates": [85.541209, 19.728594]}, "properties": {"name": "SIARA", "district": "PURI", "block": "SIARA", "village": "KRUSHNAPRASAD", "shelter": "NCRMP_AF", "location": "SIARA", "description": ""}}, {"type": "Feature", "geometry": {"type": "Point", "coordinates": [85.569247, 19.740996]}, "properties": {"name": "GOPINATHPUR", "district": "PURI", "block": "GOPINATHPUR", "village": "KRUSHNAPRASAD", "shelter": "MCS", "location": "GOPINATHPUR", "description": ""}}, {"type": "Feature", "geometry": {"type": "Point", "coordinates": [85.924471, 20.046747]}, "properties": {"name": "GARATORIHAN", "district": "PURI", "block": "GARATORIHAN", "village": "NIMAPADA", "shelter": "MCS(CMRF)", "location": "GARATORIHAN", "description": ""}}, {"type": "Feature", "geometry": {"type": "Point", "coordinates": [85.929659, 20.108616]}, "properties": {"name": "BAULPADA", "district": "PURI", "block": "BAULPADA", "village": "NIMAPADA", "shelter": "MFS(St.Plan)", "location": "BAULPADA", "description": ""}}, {"type": "Feature", "geometry": {"type": "Point", "coordinates": [85.962878, 20.111584]}, "properties": {"name": "BARA MACHHAPUR", "district": "PURI", "block": "BARA MACHHAPUR", "village": "NIMAPADA", "shelter": "MFS(St.Plan)", "location": "BARA MACHHAPUR", "description": ""}}, {"type": "Feature", "geometry": {"type": "Point", "coordinates": [85.763026, 20.141928]}, "properties": {"name": "KAKURIA", "district": "PURI", "block": "KAKURIA", "village": "PIPILI", "shelter": "MFS(St.Plan)", "location": "KAKURIA", "description": ""}}, {"type": "Feature", "geometry": {"type": "Point", "coordinates": [85.879999, 20.154715]}, "properties": {"name": "BILIPARA", "district": "PURI", "block": "BILIPARA", "village": "PIPILI", "shelter": "MFS(St.Plan)", "location": "BILIPARA", "description": ""}}, {"type": "Feature", "geometry": {"type": "Point", "coordinates": [85.863131, 20.170578]}, "properties": {"name": "LAKSHMINARAYANPUR", "district": "PURI", "block": "LAKSHMINARAYANPUR", "village": "PIPILI", "shelter": "MFS(CMRF)", "location": "LAKSHMINARAYANPUR", "description": ""}}, {"type": "Feature", "geometry": {"type": "Point", "coordinates": [85.820101, 19.808008]}, "properties": {"name": "PURI", "district": "PURI", "block": "PURI", "village": "PURI", "shelter": "MCS", "location": "PURI", "description": ""}}, {"type": "Feature", "geometry": {"type": "Point", "coordinates": [85.797152, 19.818253]}, "properties": {"name": "KHARIAPADA", "district": "PURI", "block": "KHARIAPADA", "village": "PURI", "shelter": "NCRMP_AF", "location": "KHARIAPADA", "description": ""}}, {"type": "Feature", "geometry": {"type": "Point", "coordinates": [85.849192, 19.823376]}, "properties": {"name": "BALIGHAT", "district": "PURI", "block": "BALIGHAT", "village": "PURI", "shelter": "NCRMP_AF", "location": "BALIGHAT", "description": ""}}, {"type": "Feature", "geometry": {"type": "Point", "coordinates": [85.857378, 19.848765]}, "properties": {"name": "REDUA", "district": "PURI", "block": "REDUA", "village": "PURI", "shelter": "NCRMP", "location": "REDUA", "description": ""}}, {"type": "Feature", "geometry": {"type": "Point", "coordinates": [85.902102, 19.849833]}, "properties": {"name": "BELADOL", "district": "PURI", "block": "BELADOL", "village": "PURI", "shelter": "MCS", "location": "BELADOL", "description": ""}}, {"type": "Feature", "geometry": {"type": "Point", "coordinates": [85.851855, 19.859997]}, "properties": {"name": "RAHANGIRIA", "district": "PURI", "block": "RAHANGIRIA", "village": "PURI", "shelter": "NCRMP", "location": "RAHANGIRIA", "description": ""}}, {"type": "Feature", "geometry": {"type": "Point", "coordinates": [85.740259, 19.871159]}, "properties": {"name": "KURUNTI", "district": "PURI", "block": "KURUNTI", "village": "PURI", "shelter": "NCRMP_AF", "location": "KURUNTI", "description": ""}}, {"type": "Feature", "geometry": {"type": "Point", "coordinates": [85.754023, 19.871159]}, "properties": {"name": "HANTUR", "district": "PURI", "block": "HANTUR", "village": "PURI", "shelter": "NCRMP_AF", "location": "HANTUR", "description": ""}}, {"type": "Feature", "geometry": {"type": "Point", "coordinates": [85.88251, 19.879755]}, "properties": {"name": "URA", "district": "PURI", "block": "URA", "village": "PURI", "shelter": "MFS(St.Plan)", "location": "URA", "description": ""}}, {"type": "Feature", "geometry": {"type": "Point", "coordinates": [85.795718, 19.882223]}, "properties": {"name": "KRUSHNANJANPUR", "district": "PURI", "block": "KRUSHNANJANPUR", "village": "PURI", "shelter": "NCRMP_AF", "location": "KRUSHNANJANPUR", "description": ""}}, {"type": "Feature", "geometry": {"type": "Point", "coordinates": [85.874926, 19.884705]}, "properties": {"name": "KANTASIL", "district": "PURI", "block": "KANTASIL", "village": "PURI", "shelter": "NCRMP", "location": "KANTASIL", "description": ""}}, {"type": "Feature", "geometry": {"type": "Point", "coordinates": [85.829478, 19.900997]}, "properties": {"name": "GANGANARAYANPUR", "district": "PURI", "block": "GANGANARAYANPUR", "village": "PURI", "shelter": "NCRMP_AF", "location": "GANGANARAYANPUR", "description": ""}}, {"type": "Feature", "geometry": {"type": "Point", "coordinates": [85.738612, 19.902622]}, "properties": {"name": "KHANDIGHAR", "district": "PURI", "block": "KHANDIGHAR", "village": "PURI", "shelter": "MCS(CMRF)", "location": "KHANDIGHAR", "description": ""}}, {"type": "Feature", "geometry": {"type": "Point", "coordinates": [85.915591, 19.913471]}, "properties": {"name": "JAMARSUAN", "district": "PURI", "block": "JAMARSUAN", "village": "PURI", "shelter": "NCRMP", "location": "JAMARSUAN", "description": ""}}, {"type": "Feature", "geometry": {"type": "Point", "coordinates": [85.950213, 19.944224]}, "properties": {"name": "SIARO", "district": "PURI", "block": "SIARO", "village": "PURI", "shelter": "MCS", "location": "SIARO", "description": ""}}, {"type": "Feature", "geometry": {"type": "Point", "coordinates": [85.707789, 19.935213]}, "properties": {"name": "SUKOL", "district": "PURI", "block": "SUKOL", "village": "SATYABADI", "shelter": "MCS(CMRF)", "location": "SUKOL", "description": ""}}, {"type": "Feature", "geometry": {"type": "Point", "coordinates": [85.762881, 19.941408]}, "properties": {"name": "NARENDRAPUR", "district": "PURI", "block": "NARENDRAPUR", "village": "SATYABADI", "shelter": "NCRMP-AF", "location": "NARENDRAPUR", "description": ""}}, {"type": "Feature", "geometry": {"type": "Point", "coordinates": [85.745898, 19.951937]}, "properties": {"name": "ALAGUM", "district": "PURI", "block": "ALAGUM", "village": "SATYABADI", "shelter": "MFS(CMRF)", "location": "ALAGUM", "description": ""}}, {"type": "Feature", "geometry": {"type": "Point", "coordinates": [85.876627, 19.977787]}, "properties": {"name": "BIDYADHARPUR", "district": "PURI", "block": "BIDYADHARPUR", "village": "SATYABADI", "shelter": "MFS(St.Plan)", "location": "BIDYADHARPUR", "description": ""}}, {"type": "Feature", "geometry": {"type": "Point", "coordinates": [85.907702, 19.981184]}, "properties": {"name": "MALASAHI", "district": "PURI", "block": "MALASAHI", "village": "SATYABADI", "shelter": "MFS(St.Plan)", "location": "MALASAHI", "description": ""}}, {"type": "Feature", "geometry": {"type": "Point", "coordinates": [83.550661, 19.612845]}, "properties": {"name": "KUTRAGARH", "district": "RAYAGADA", "block": "KUTRAGARH", "village": "BISSAM CUTTACK", "shelter": "MFS(CMRF)", "location": "KUTRAGARH", "description": ""}}, {"type": "Feature", "geometry": {"type": "Point", "coordinates": [83.82046, 19.077675]}, "properties": {"name": "GUNUPUR", "district": "RAYAGADA", "block": "GUNUPUR", "village": "GUNUPUR", "shelter": "MFS(CMRF)", "location": "GUNUPUR", "description": ""}}, {"type": "Feature", "geometry": {"type": "Point", "coordinates": [83.434954, 19.028637]}, "properties": {"name": "RAMAHANDRAPUR", "district": "RAYAGADA", "block": "RAMAHANDRAPUR", "village": "RAYAGADA", "shelter": "MFS(CMRF)", "location": "RAMAHANDRAPUR", "description": ""}}, {"type": "Feature", "geometry": {"type": "Point", "coordinates": [83.921755, 21.258375]}, "properties": {"name": "DHAMA", "district": "SAMBALPUR", "block": "DHAMA", "village": "MANESWAR", "shelter": "MFS(CMRF)", "location": "DHAMA", "description": ""}}, {"type": "Feature", "geometry": {"type": "Point", "coordinates": [83.971155, 21.438702]}, "properties": {"name": "CHANWARPUR", "district": "SAMBALPUR", "block": "CHANWARPUR", "village": "SAMBALPUR", "shelter": "MFS(CMRF)", "location": "CHANWARPUR", "description": ""}}, {"type": "Feature", "geometry": {"type": "Point", "coordinates": [83.812106, 21.027825]}, "properties": {"name": "BINIKA", "district": "SONEPUR", "block": "BINIKA", "village": "BINIKA", "shelter": "MCS(CMRF)", "location": "BINIKA", "description": ""}}, {"type": "Feature", "geometry": {"type": "Point", "coordinates": [84.169375, 20.898485]}, "properties": {"name": "SUBULIA", "district": "SONEPUR", "block": "SUBULIA", "village": "BIRAMAHARAJPUR", "shelter": "MFS(CMRF)", "location": "SUBULIA", "description": ""}}, {"type": "Feature", "geometry": {"type": "Point", "coordinates": [83.578799, 20.982987]}, "properties": {"name": "DIKSIRA", "district": "SONEPUR", "block": "DIKSIRA", "village": "DUNGRIPALI", "shelter": "MFS(CMRF)", "location": "DIKSIRA", "description": ""}}, {"type": "Feature", "geometry": {"type": "Point", "coordinates": [83.914835, 20.844586]}, "properties": {"name": "SONAPUR", "district": "SONEPUR", "block": "SONAPUR", "village": "SONEPUR", "shelter": "MCS(CMRF)", "location": "SONAPUR", "description": ""}}, {"type": "Feature", "geometry": {"type": "Point", "coordinates": [83.923487, 20.865824]}, "properties": {"name": "MUNDAGHAT", "district": "SONEPUR", "block": "MUNDAGHAT", "village": "ULUNDA", "shelter": "MCS(CMRF)", "location": "MUNDAGHAT", "description": ""}}, {"type": "Feature", "geometry": {"type": "Point", "coordinates": [85.1265353, 19.44139426]}, "properties": {"name": "NEW PODAMPETA", "district": "GANJAM", "block": "NEW PODAMPETA", "village": "GANJAM", "shelter": "NCRMP-AF", "location": "NEW PODAMPETA", "description": ""}}, {"type": "Feature", "geometry": {"type": "Point", "coordinates": [85.130387, 19.613211]}, "properties": {"name": "KESAPUR", "district": "GANJAM", "block": "KESAPUR", "village": "BALASORE SADAR", "shelter": "NCRMP-AF", "location": "KESAPUR", "description": ""}}, {"type": "Feature", "geometry": {"type": "Point", "coordinates": [85.0434727, 19.61570637]}, "properties": {"name": "GADAKASTA", "district": "GANJAM", "block": "GADAKASTA", "village": "KHALLIKOTE", "shelter": "NCRMP-AF", "location": "GADAKASTA", "description": ""}}, {"type": "Feature", "geometry": {"type": "Point", "coordinates": [85.53091, 19.916998]}, "properties": {"name": "Saraswatinagar", "district": "KHURDA", "block": "Saraswatinagar", "village": "TANGI", "shelter": "NCRMP_AF", "location": "Saraswatinagar", "description": ""}}, {"type": "Feature", "geometry": {"type": "Point", "coordinates": [85.652698, 19.912677]}, "properties": {"name": "Mulabasanta", "district": "PURI", "block": "Mulabasanta", "village": "KANAS", "shelter": "NCRMP_AF", "location": "Mulabasanta", "description": ""}}, {"type": "Feature", "geometry": {"type": "Point", "coordinates": [86.79912429, 21.20025187]}, "properties": {"name": "Sarapokhari adi", "district": "BHADRAK", "block": "Sarapokhari adi", "village": "BASUDEVPUR", "shelter": "NCRMP", "location": "Sarapokhari adi", "description": ""}}, {"type": "Feature", "geometry": {"type": "Point", "coordinates": [86.37772512, 19.98955402]}, "properties": {"name": "Dhanuharbelari", "district": "JAGATSINGHPUR", "block": "Dhanuharbelari", "village": "JAGATSINGHPUR", "shelter": "NCRMP", "location": "Dhanuharbelari", "description": ""}}, {"type": "Feature", "geometry": {"type": "Point", "coordinates": [85.588575, 19.799956]}, "properties": {"name": "Dharanikudi", "district": "PURI", "block": "Dharanikudi", "village": "BRAHMAGIRI", "shelter": "NCRMP", "location": "Dharanikudi", "description": ""}}, {"type": "Feature", "geometry": {"type": "Point", "coordinates": [85.212504, 19.577251]}, "properties": {"name": "Budhibar", "district": "PURI", "block": "Budhibar", "village": "KRUSHNAPRASAD", "shelter": "NCRMP", "location": "Budhibar", "description": ""}}, {"type": "Feature", "geometry": {"type": "Point", "coordinates": [87.10782095, 21.53126827]}, "properties": {"name": "Chaka Sartha", "district": "BALASORE", "block": "Chaka Sartha", "village": "BALASORE", "shelter": "MFS(St.Plan)", "location": "Chaka Sartha", "description": ""}}, {"type": "Feature", "geometry": {"type": "Point", "coordinates": [87.33239444, 21.62087297]}, "properties": {"name": "Jamakunda", "district": "BALASORE", "block": "Jamakunda", "village": "BALIAPALA", "shelter": "MFS(St.Plan)", "location": "Jamakunda", "description": ""}}, {"type": "Feature", "geometry": {"type": "Point", "coordinates": [86.49209615, 20.2196014]}, "properties": {"name": "Guamunda", "district": "JAGATSINGHPUR", "block": "Guamunda", "village": "ERSAMA", "shelter": "MFS(St.Plan)", "location": "Guamunda", "description": ""}}, {"type": "Feature", "geometry": {"type": "Point", "coordinates": [86.34217895, 20.02637826]}, "properties": {"name": "Marichipur", "district": "JAGATSINGHPUR", "block": "Marichipur", "village": "JAGATSINGHPUR", "shelter": "MCS(CMRF)", "location": "Marichipur", "description": ""}}, {"type": "Feature", "geometry": {"type": "Point", "coordinates": [85.829399, 19.900303]}, "properties": {"name": "Ganganarayanpur", "district": "PURI", "block": "Ganganarayanpur", "village": "PURI", "shelter": "MFS(St.Plan)", "location": "Ganganarayanpur", "description": ""}}, {"type": "Feature", "geometry": {"type": "Point", "coordinates": [85.259801, 19.621564]}, "properties": {"name": "Sanaanla", "district": "PURI", "block": "Sanaanla", "village": "KRUSHNAPRASAD", "shelter": "MFS(St.Plan)", "location": "Sanaanla", "description": ""}}, {"type": "Feature", "geometry": {"type": "Point", "coordinates": [85.380367, 19.627912]}, "properties": {"name": "Kurupala", "district": "PURI", "block": "Kurupala", "village": "KRUSHNAPRASAD", "shelter": "MCS(CMRF)", "location": "Kurupala", "description": ""}}, {"type": "Feature", "geometry": {"type": "Point", "coordinates": [83.979565, 21.45786]}, "properties": {"name": "Binakhandi", "district": "SAMBALPUR", "block": "Binakhandi", "village": "SAMBALPUR", "shelter": "MFS(CMRF)", "location": "Binakhandi", "description": ""}}, {"type": "Feature", "geometry": {"type": "Point", "coordinates": [83.95494, 21.480391]}, "properties": {"name": "Talbhata", "district": "SAMBALPUR", "block": "Talbhata", "village": "SAMBALPUR", "shelter": "MFS(CMRF)", "location": "Talbhata", "description": ""}}, {"type": "Feature", "geometry": {"type": "Point", "coordinates": [85.11523758, 19.50067221]}, "properties": {"name": "Madhurchuan", "district": "GANJAM", "block": "Madhurchuan", "village": "GANJAM", "shelter": "ICZMP", "location": "Madhurchuan", "description": ""}}, {"type": "Feature", "geometry": {"type": "Point", "coordinates": [86.81618664, 21.01869575]}, "properties": {"name": "GANGAMANISHILA", "district": "BHADRAK", "block": "GANGAMANISHILA", "village": "BASUDEVPUR", "shelter": "IRCS", "location": "GANGAMANISHILA", "description": ""}}, {"type": "Feature", "geometry": {"type": "Point", "coordinates": [86.83598865, 21.07811269]}, "properties": {"name": "DHINDACHANDI", "district": "BHADRAK", "block": "DHINDACHANDI", "village": "BASUDEVPUR", "shelter": "NCRMP-AF", "location": "DHINDACHANDI", "description": ""}}, {"type": "Feature", "geometry": {"type": "Point", "coordinates": [86.86668091, 21.56892332]}, "properties": {"name": "Kashimpur", "district": "BALASORE", "block": "Kashimpur", "village": "REMUNA", "shelter": "MFS(CMRF)", "location": "Kashimpur", "description": ""}}, {"type": "Feature", "geometry": {"type": "Point", "coordinates": [86.566521, 20.85196]}, "properties": {"name": "Duttapur", "district": "JAJPUR", "block": "Duttapur", "village": "DASARATHIPUR", "shelter": "MFS(CMRF)", "location": "Duttapur", "description": ""}}, {"type": "Feature", "geometry": {"type": "Point", "coordinates": [87.11926767, 21.57750904]}, "properties": {"name": "Kalabudhi", "district": "BALASORE", "block": "Kalabudhi", "village": "BALASORE", "shelter": "MFS(CMRF)", "location": "Kalabudhi", "description": ""}}, {"type": "Feature", "geometry": {"type": "Point", "coordinates": [86.41801705, 20.37717717]}, "properties": {"name": "Bedari", "district": "KENDRAPARA", "block": "Bedari", "village": "GARADAPUR", "shelter": "MFS(CMRF)", "location": "Bedari", "description": ""}}, {"type": "Feature", "geometry": {"type": "Point", "coordinates": [85.620376, 19.966335]}, "properties": {"name": "Kaudiapur", "district": "PURI", "block": "Kaudiapur", "village": "KANAS", "shelter": "MFS(CMRF)", "location": "Kaudiapur", "description": ""}}, {"type": "Feature", "geometry": {"type": "Point", "coordinates": [86.80357449, 21.00227454]}, "properties": {"name": "Gobindapur", "district": "BHADRAK", "block": "Gobindapur", "village": "BASUDEVPUR", "shelter": "MFS(CMRF)", "location": "Gobindapur", "description": ""}}, {"type": "Feature", "geometry": {"type": "Point", "coordinates": [85.63958669, 19.94513565]}, "properties": {"name": "Khandahota", "district": "PURI", "block": "Khandahota", "village": "KANAS", "shelter": "MCS(CMRF)", "location": "Khandahota", "description": ""}}, {"type": "Feature", "geometry": {"type": "Point", "coordinates": [83.91684057, 20.84015305]}, "properties": {"name": "sonepur", "district": "SONEPUR", "block": "sonepur", "village": "SONEPUR", "shelter": "MCS(CMRF)", "location": "sonepur", "description": ""}}, {"type": "Feature", "geometry": {"type": "Point", "coordinates": [87.33355868, 21.64448529]}, "properties": {"name": "Ikrapal", "district": "BALASORE", "block": "Ikrapal", "village": "BALIAPALA", "shelter": "", "location": "Ikrapal", "description": ""}}, {"type": "Feature", "geometry": {"type": "Point", "coordinates": [87.17854977, 21.55023104]}, "properties": {"name": "Jambhirai", "district": "BALASORE", "block": "Jambhirai", "village": "BALIAPALA", "shelter": "", "location": "Jambhirai", "description": ""}}, {"type": "Feature", "geometry": {"type": "Point", "coordinates": [86.268779, 20.04289669]}, "properties": {"name": "Tarasahi", "district": "JAGATSINGHPUR", "block": "Tarasahi", "village": "JAGATSINGHPUR", "shelter": "", "location": "Tarasahi", "description": ""}}, {"type": "Feature", "geometry": {"type": "Point", "coordinates": [86.27767302, 20.04636848]}, "properties": {"name": "Tarasahi", "district": "JAGATSINGHPUR", "block": "Tarasahi", "village": "JAGATSINGHPUR", "shelter": "", "location": "Tarasahi", "description": ""}}, {"type": "Feature", "geometry": {"type": "Point", "coordinates": [86.82198215, 20.96951021]}, "properties": {"name": "Khedualpur", "district": "BHADRAK", "block": "Khedualpur", "village": "BASUDEVPUR", "shelter": "", "location": "Khedualpur", "description": ""}}, {"type": "Feature", "geometry": {"type": "Point", "coordinates": [86.87013232, 20.90738701]}, "properties": {"name": "Uttarasahi", "district": "BHADRAK", "block": "Uttarasahi", "village": "CHANDABALI", "shelter": "", "location": "Uttarasahi", "description": ""}}]}